Workbook

Sheet 1_Raw_Data
A1: Row_ID | B1: Market | C1: Partner_Agency | D1: Campaign_Name | E1: Reported_Revenue | F1: Invoice_Amount | G1: Currency | H1: Month | I1: Status | J1: Notes
A2: 1 | B2: sweden | C2: WPP Media | D2: Q1 Brand Awareness | E2: 90278.31 | F2: 90278.31 | G2: EUR | H2: Feb-24 | I2: disputed | L2: =IF(A2="","Blank",IF(COUNTIF($A$2:A2,A2)=1,"Unique","Duplicate")) -> Unique | M2: =IF(L2="Unique",COUNTIF($L$2:L2,"Unique"),"") -> 1
A3: 2 | B3: Sweden | C3: IPG Mediabrands | D3: Q1 Brand Awareness | E3: 8426.68 | F3: 8426.68 | G3: gbp | H3: Jan-24 | I3: disputed | L3: =IF(A3="","Blank",IF(COUNTIF($A$2:A3,A3)=1,"Unique","Duplicate")) -> Unique | M3: =IF(L3="Unique",COUNTIF($L$2:L3,"Unique"),"") -> 2
A4: 3 | C4: Mindshare | D4: Premium Tier Push | E4: 30350.67 | F4: 29642.29 | G4: GBP | H4: 02/2024 | I4: Under review | J4: Check with agency | L4: =IF(A4="","Blank",IF(COUNTIF($A$2:A4,A4)=1,"Unique","Duplicate")) -> Unique | M4: =IF(L4="Unique",COUNTIF($L$2:L4,"Unique"),"") -> 3
A5: 4 | B5: Deutschland | C5: Publicis | D5: Q2 Retargeting Sweep | E5: 115079.5 | F5: 115079.5 | G5: EUR | H5: May-24 | I5: CONFIRMED | J5: Check with agency | L5: =IF(A5="","Blank",IF(COUNTIF($A$2:A5,A5)=1,"Unique","Duplicate")) -> Unique | M5: =IF(L5="Unique",COUNTIF($L$2:L5,"Unique"),"") -> 4
A6: 5 | B6: spain | C6: MediaCom | D6: Agency Co-op Feb | E6: 97819.75 | F6: 93665.93 | G6: GBP | H6: 01/2024 | I6: disputed | J6: Late invoice | L6: =IF(A6="","Blank",IF(COUNTIF($A$2:A6,A6)=1,"Unique","Duplicate")) -> Unique | M6: =IF(L6="Unique",COUNTIF($L$2:L6,"Unique"),"") -> 5
A7: 6 | B7: sweden | C7: MediaCom | D7: Data-Driven Creative | E7: 104096.29 | F7: 100902.62 | G7: GBP | H7: March 2024 | I7: pending | L7: =IF(A7="","Blank",IF(COUNTIF($A$2:A7,A7)=1,"Unique","Duplicate")) -> Unique | M7: =IF(L7="Unique",COUNTIF($L$2:L7,"Unique"),"") -> 6
A8: 7 | B8: DE | C8: WPP Media | D8: Premium Tier Push | E8: £36966.96 | F8: 34953.67 | G8: £ | H8: 04/2024 | I8: Pending | J8: Late invoice | L8: =IF(A8="","Blank",IF(COUNTIF($A$2:A8,A8)=1,"Unique","Duplicate")) -> Unique | M8: =IF(L8="Unique",COUNTIF($L$2:L8,"Unique"),"") -> 7
A9: 8 | B9: sweden | C9: WPP Media | D9: Always-On Display | E9: 78022.5 | F9: 73117.75 | G9: eur | H9: May-24 | I9: pending | J9: Original lost | L9: =IF(A9="","Blank",IF(COUNTIF($A$2:A9,A9)=1,"Unique","Duplicate")) -> Unique | M9: =IF(L9="Unique",COUNTIF($L$2:L9,"Unique"),"") -> 8
A10: 9 | B10: DE | C10: Havas Media | D10: Influencer Collab Feb | E10: 93356.06 | F10: 93356.06 | G10: GBP | H10: April 2024 | I10: Under review | J10: Late invoice | L10: =IF(A10="","Blank",IF(COUNTIF($A$2:A10,A10)=1,"Unique","Duplicate")) -> Unique | M10: =IF(L10="Unique",COUNTIF($L$2:L10,"Unique"),"") -> 9
A11: 10 | B11: U.K. | C11: Dentsu | D11: Data-Driven Creative | E11: 113434.62 | F11: 117067.64 | G11: eur | H11: May-24 | I11: Disputed | L11: =IF(A11="","Blank",IF(COUNTIF($A$2:A11,A11)=1,"Unique","Duplicate")) -> Unique | M11: =IF(L11="Unique",COUNTIF($L$2:L11,"Unique"),"") -> 10
A12: 11 | B12: Deutschland | C12: Publicis | D12: Q2 Retargeting Sweep | E12: 90673.73 | F12: 88161.25 | G12: GBP | H12: May-24 | I12: Under Review | L12: =IF(A12="","Blank",IF(COUNTIF($A$2:A12,A12)=1,"Unique","Duplicate")) -> Unique | M12: =IF(L12="Unique",COUNTIF($L$2:L12,"Unique"),"") -> 11
A13: 12 | B13: FRANCE | C13: Mindshare | D13: Winter Churn Prevention | E13: 15454.58 | G13: EUR | H13: February 2024 | I13: confirmed | J13: Amended | L13: =IF(A13="","Blank",IF(COUNTIF($A$2:A13,A13)=1,"Unique","Duplicate")) -> Unique | M13: =IF(L13="Unique",COUNTIF($L$2:L13,"Unique"),"") -> 12
A14: 13 | B14: SE | C14: WPP Media | D14: Premium Tier Push | E14: 48886.22 | F14: 51185.73 | G14: gbp | H14: Jan-24 | I14: CONFIRMED | J14: Original lost | L14: =IF(A14="","Blank",IF(COUNTIF($A$2:A14,A14)=1,"Unique","Duplicate")) -> Unique | M14: =IF(L14="Unique",COUNTIF($L$2:L14,"Unique"),"") -> 13
A15: 14 | B15: Deutschland | C15: Havas Media | D15: Subscriber Acquisition - Spring | E15: 38752.51 | F15: 38752.51 | G15: GBP | H15: 03/2024 | I15: disputed | L15: =IF(A15="","Blank",IF(COUNTIF($A$2:A15,A15)=1,"Unique","Duplicate")) -> Unique | M15: =IF(L15="Unique",COUNTIF($L$2:L15,"Unique"),"") -> 14
A16: 14 | B16: Deutschland | C16: Havas Media | D16: Subscriber Acquisition - Spring | E16: 38752.51 | F16: 38752.51 | G16: GBP | H16: 03/2024 | I16: disputed | L16: =IF(A16="","Blank",IF(COUNTIF($A$2:A16,A16)=1,"Unique","Duplicate")) -> Duplicate | M16: =IF(L16="Unique",COUNTIF($L$2:L16,"Unique"),"")
A17: 15 | B17: NL | C17: WPP Media | D17: Influencer Collab Feb | E17: 76909.52 | F17: 80411.7 | G17: EUR | H17: February 2024 | I17: Under Review | L17: =IF(A17="","Blank",IF(COUNTIF($A$2:A17,A17)=1,"Unique","Duplicate")) -> Unique | M17: =IF(L17="Unique",COUNTIF($L$2:L17,"Unique"),"") -> 15
A18: 16 | B18: The Netherlands | C18: Mindshare | D18: Data-Driven Creative | E18: 5065.77 | F18: 5065.77 | G18: GBP | H18: Feb-24 | I18: Under Review | J18: Late invoice | L18: =IF(A18="","Blank",IF(COUNTIF($A$2:A18,A18)=1,"Unique","Duplicate")) -> Unique | M18: =IF(L18="Unique",COUNTIF($L$2:L18,"Unique"),"") -> 16
A19: 17 | B19: DE | C19: GroupM | D19: Q2 Retargeting Sweep | E19: 105971.1 | F19: 107666.19 | G19: eur | H19: 01/2024 | I19: disputed | L19: =IF(A19="","Blank",IF(COUNTIF($A$2:A19,A19)=1,"Unique","Duplicate")) -> Unique | M19: =IF(L19="Unique",COUNTIF($L$2:L19,"Unique"),"") -> 17
A20: 18 | B20: FRANCE | C20: Hearts & Science | D20: EMEA Upfront Deal | E20: 23989.6 | F20: 23089.07 | G20: EUR | H20: 06/2024 | I20: Pending | J20: Late invoice | L20: =IF(A20="","Blank",IF(COUNTIF($A$2:A20,A20)=1,"Unique","Duplicate")) -> Unique | M20: =IF(L20="Unique",COUNTIF($L$2:L20,"Unique"),"") -> 18
A21: 19 | B21: Italy | C21: Havas Media | D21: Winter Churn Prevention | E21: 108455.62 | F21: 108455.62 | G21: EUR | H21: March 2024 | I21: CONFIRMED | J21: Check with agency | L21: =IF(A21="","Blank",IF(COUNTIF($A$2:A21,A21)=1,"Unique","Duplicate")) -> Unique | M21: =IF(L21="Unique",COUNTIF($L$2:L21,"Unique"),"") -> 19
A22: 20 | B22: UK | C22: MediaCom | D22: EMEA Upfront Deal | E22: 31463.19 | F22: 31463.19 | G22: EUR | H22: January 2024 | I22: Pending | L22: =IF(A22="","Blank",IF(COUNTIF($A$2:A22,A22)=1,"Unique","Duplicate")) -> Unique | M22: =IF(L22="Unique",COUNTIF($L$2:L22,"Unique"),"") -> 20
A23: 21 | B23: United Kingdom | C23: Havas Media | D23: Subscriber Acquisition - Spring | E23: 64127.95 | F23: 64127.95 | G23: eur | H23: Mar-24 | I23: disputed | L23: =IF(A23="","Blank",IF(COUNTIF($A$2:A23,A23)=1,"Unique","Duplicate")) -> Unique | M23: =IF(L23="Unique",COUNTIF($L$2:L23,"Unique"),"") -> 21
A24: 22 | B24: Sweden | C24: MediaCom | D24: Winter Churn Prevention | E24: 32944.68 | F24: 32944.68 | G24: GBP | H24: Mar-24 | I24: CONFIRMED | L24: =IF(A24="","Blank",IF(COUNTIF($A$2:A24,A24)=1,"Unique","Duplicate")) -> Unique | M24: =IF(L24="Unique",COUNTIF($L$2:L24,"Unique"),"") -> 22
A25: 23 | B25: IT | C25: Havas Media | D25: Premium Tier Push | E25: £52276.76 | F25: 52997.76 | G25: EUR | H25: January 2024 | I25: Under review | J25: Check with agency | L25: =IF(A25="","Blank",IF(COUNTIF($A$2:A25,A25)=1,"Unique","Duplicate")) -> Unique | M25: =IF(L25="Unique",COUNTIF($L$2:L25,"Unique"),"") -> 23
A26: 24 | B26: France | C26: Dentsu | D26: Q2 Retargeting Sweep | E26: 26874.02 | F26: 26874.02 | G26: GBP | H26: 02/2024 | I26: pending | J26: Re-sent | L26: =IF(A26="","Blank",IF(COUNTIF($A$2:A26,A26)=1,"Unique","Duplicate")) -> Unique | M26: =IF(L26="Unique",COUNTIF($L$2:L26,"Unique"),"") -> 24
A27: 25 | B27: DE | C27: WPP Media | D27: Winter Churn Prevention | E27: 97922.56 | F27: 99572.91 | G27: gbp | H27: Jan-24 | I27: CONFIRMED | L27: =IF(A27="","Blank",IF(COUNTIF($A$2:A27,A27)=1,"Unique","Duplicate")) -> Unique | M27: =IF(L27="Unique",COUNTIF($L$2:L27,"Unique"),"") -> 25
A28: 26 | B28: france | C28: IPG Mediabrands | D28: Winter Churn Prevention | E28: 60356.22 | F28: 64772.55 | G28: EUR | H28: May-24 | I28: Confirmed | J28: Amended | L28: =IF(A28="","Blank",IF(COUNTIF($A$2:A28,A28)=1,"Unique","Duplicate")) -> Unique | M28: =IF(L28="Unique",COUNTIF($L$2:L28,"Unique"),"") -> 26
A29: 27 | B29: Deutschland | C29: Hearts & Science | D29: Agency Co-op Feb | E29: 53645.86 | F29: 57920.34 | G29: gbp | H29: Jun-24 | I29: confirmed | L29: =IF(A29="","Blank",IF(COUNTIF($A$2:A29,A29)=1,"Unique","Duplicate")) -> Unique | M29: =IF(L29="Unique",COUNTIF($L$2:L29,"Unique"),"") -> 27
A30: 28 | B30: Spain | C30: Dentsu | D30: Q1 Brand Awareness | E30: 71605.73 | F30: 69626.43 | G30: GBP | H30: January 2024 | I30: Paid | J30: Re-sent | L30: =IF(A30="","Blank",IF(COUNTIF($A$2:A30,A30)=1,"Unique","Duplicate")) -> Unique | M30: =IF(L30="Unique",COUNTIF($L$2:L30,"Unique"),"") -> 28
A31: 29 | B31: NL | C31: Mindshare | D31: Content Promo Jan | E31: 11541.15 | F31: 11305.64 | G31: EUR | H31: 01/2024 | I31: Pending | J31: Amended | L31: =IF(A31="","Blank",IF(COUNTIF($A$2:A31,A31)=1,"Unique","Duplicate")) -> Unique | M31: =IF(L31="Unique",COUNTIF($L$2:L31,"Unique"),"") -> 29
A32: 30 | B32: France | C32: MediaCom | D32: Q2 Retargeting Sweep | E32: 71575.69 | F32: 71575.69 | G32: EUR | H32: May 2024 | I32: Paid | J32: Manual entry | L32: =IF(A32="","Blank",IF(COUNTIF($A$2:A32,A32)=1,"Unique","Duplicate")) -> Unique | M32: =IF(L32="Unique",COUNTIF($L$2:L32,"Unique"),"") -> 30
A33: 31 | B33: NL | C33: Havas Media | D33: Data-Driven Creative | E33: 34988.05 | F33: 32958.49 | G33: € | H33: May-24 | I33: confirmed | J33: Late invoice | L33: =IF(A33="","Blank",IF(COUNTIF($A$2:A33,A33)=1,"Unique","Duplicate")) -> Unique | M33: =IF(L33="Unique",COUNTIF($L$2:L33,"Unique"),"") -> 31
A34: 32 | B34: italia | C34: Havas Media | D34: Data-Driven Creative | E34: 91464.42 | F34: 91464.42 | G34: eur | H34: Feb-24 | I34: CONFIRMED | J34: Original lost | L34: =IF(A34="","Blank",IF(COUNTIF($A$2:A34,A34)=1,"Unique","Duplicate")) -> Unique | M34: =IF(L34="Unique",COUNTIF($L$2:L34,"Unique"),"") -> 32
A35: 33 | B35: Germany | C35: Mindshare | D35: Agency Co-op Feb | E35: 20232.51 | F35: 20232.51 | G35: EUR | H35: March 2024 | I35: Under Review | J35: Late invoice | L35: =IF(A35="","Blank",IF(COUNTIF($A$2:A35,A35)=1,"Unique","Duplicate")) -> Unique | M35: =IF(L35="Unique",COUNTIF($L$2:L35,"Unique"),"") -> 33
A36: 34 | B36: france | C36: Hearts & Science | D36: Influencer Collab Feb | E36: 67470.07 | G36: gbp | H36: Jan-24 | I36: disputed | J36: Late invoice | L36: =IF(A36="","Blank",IF(COUNTIF($A$2:A36,A36)=1,"Unique","Duplicate")) -> Unique | M36: =IF(L36="Unique",COUNTIF($L$2:L36,"Unique"),"") -> 34
A37: 35 | B37: France | C37: Publicis | D37: Agency Co-op Feb | E37: 18274.3 | F37: 18274.3 | G37: gbp | H37: February 2024 | I37: pending | J37: Late invoice | L37: =IF(A37="","Blank",IF(COUNTIF($A$2:A37,A37)=1,"Unique","Duplicate")) -> Unique | M37: =IF(L37="Unique",COUNTIF($L$2:L37,"Unique"),"") -> 35
A38: 36 | B38: SE | C38: Dentsu | D38: Performance Max Q1 | E38: 44431.23 | F38: 43529.45 | G38: gbp | H38: Jun-24 | I38: pending | L38: =IF(A38="","Blank",IF(COUNTIF($A$2:A38,A38)=1,"Unique","Duplicate")) -> Unique | M38: =IF(L38="Unique",COUNTIF($L$2:L38,"Unique"),"") -> 36
A39: 37 | B39: U.K. | C39: IPG Mediabrands | D39: Influencer Collab Feb | E39: 36818.23 | F39: 36818.23 | G39: EUR | H39: 03/2024 | I39: confirmed | J39: Re-sent | L39: =IF(A39="","Blank",IF(COUNTIF($A$2:A39,A39)=1,"Unique","Duplicate")) -> Unique | M39: =IF(L39="Unique",COUNTIF($L$2:L39,"Unique"),"") -> 37
A40: 38 | B40: The Netherlands | C40: IPG Mediabrands | D40: EMEA Upfront Deal | E40: 6112.02 | F40: 6112.02 | G40: EUR | H40: 06/2024 | I40: Confirmed | J40: Check with agency | L40: =IF(A40="","Blank",IF(COUNTIF($A$2:A40,A40)=1,"Unique","Duplicate")) -> Unique | M40: =IF(L40="Unique",COUNTIF($L$2:L40,"Unique"),"") -> 38
A41: 39 | B41: Sweden | C41: Mindshare | D41: Content Promo Jan | E41: 54425.47 | F41: 54425.47 | G41: £ | H41: January 2024 | I41: Under Review | L41: =IF(A41="","Blank",IF(COUNTIF($A$2:A41,A41)=1,"Unique","Duplicate")) -> Unique | M41: =IF(L41="Unique",COUNTIF($L$2:L41,"Unique"),"") -> 39
A42: 40 | B42: DE | C42: WPP Media | D42: Regional Launch NL | E42: 94713.37 | F42: 98354.76 | G42: EUR | H42: February 2024 | I42: Pending | L42: =IF(A42="","Blank",IF(COUNTIF($A$2:A42,A42)=1,"Unique","Duplicate")) -> Unique | M42: =IF(L42="Unique",COUNTIF($L$2:L42,"Unique"),"") -> 40
A43: 41 | B43: france | C43: IPG Mediabrands | D43: Q1 Brand Awareness | E43: 25626.48 | F43: 27286.23 | G43: GBP | H43: March 2024 | I43: pending | L43: =IF(A43="","Blank",IF(COUNTIF($A$2:A43,A43)=1,"Unique","Duplicate")) -> Unique | M43: =IF(L43="Unique",COUNTIF($L$2:L43,"Unique"),"") -> 41
A44: 42 | B44: France | C44: IPG Mediabrands | D44: Influencer Collab Feb | E44: 9453.33 | F44: 9453.33 | G44: EUR | H44: 05/2024 | I44: Under Review | J44: Late invoice | L44: =IF(A44="","Blank",IF(COUNTIF($A$2:A44,A44)=1,"Unique","Duplicate")) -> Unique | M44: =IF(L44="Unique",COUNTIF($L$2:L44,"Unique"),"") -> 42
A45: 43 | B45: DE | C45: Dentsu | D45: Q1 Brand Awareness | E45: 80903.82 | F45: 80903.82 | G45: € | H45: 01/2024 | I45: pending | J45: Check with agency | L45: =IF(A45="","Blank",IF(COUNTIF($A$2:A45,A45)=1,"Unique","Duplicate")) -> Unique | M45: =IF(L45="Unique",COUNTIF($L$2:L45,"Unique"),"") -> 43
A46: 44 | B46: sweden | C46: Mindshare | D46: Premium Tier Push | E46: 83144.58 | F46: 85903.36 | G46: GBP | H46: Feb-24 | I46: pending | L46: =IF(A46="","Blank",IF(COUNTIF($A$2:A46,A46)=1,"Unique","Duplicate")) -> Unique | M46: =IF(L46="Unique",COUNTIF($L$2:L46,"Unique"),"") -> 44
A47: 45 | B47: Sweden | C47: Omnicom Media Group | D47: Q1 Brand Awareness | E47: £17466.29 | F47: 17466.29 | G47: £ | H47: May 2024 | I47: Paid | J47: Original lost | L47: =IF(A47="","Blank",IF(COUNTIF($A$2:A47,A47)=1,"Unique","Duplicate")) -> Unique | M47: =IF(L47="Unique",COUNTIF($L$2:L47,"Unique"),"") -> 45
A48: 46 | B48: France | C48: IPG Mediabrands | D48: Data-Driven Creative | E48: 71307.63 | F48: 71307.63 | G48: GBP | H48: Jan-24 | I48: disputed | J48: Original lost | L48: =IF(A48="","Blank",IF(COUNTIF($A$2:A48,A48)=1,"Unique","Duplicate")) -> Unique | M48: =IF(L48="Unique",COUNTIF($L$2:L48,"Unique"),"") -> 46
A49: 47 | B49: Germany | C49: Havas Media | D49: Premium Tier Push | E49: 13046.99 | F49: 12304.8 | G49: £ | H49: Feb-24 | I49: pending | J49: Original lost | L49: =IF(A49="","Blank",IF(COUNTIF($A$2:A49,A49)=1,"Unique","Duplicate")) -> Unique | M49: =IF(L49="Unique",COUNTIF($L$2:L49,"Unique"),"") -> 47
A50: 48 | B50: Spain | C50: IPG Mediabrands | D50: Regional Launch NL | E50: 51276.04 | F50: 51276.04 | G50: EUR | H50: Mar-24 | I50: Under review | J50: Amended | L50: =IF(A50="","Blank",IF(COUNTIF($A$2:A50,A50)=1,"Unique","Duplicate")) -> Unique | M50: =IF(L50="Unique",COUNTIF($L$2:L50,"Unique"),"") -> 48
A51: 49 | B51: france | C51: MediaCom | D51: Always-On Display | E51: 39609.24 | F51: 36441.63 | G51: € | H51: Mar-24 | I51: Under review | J51: Manual entry | L51: =IF(A51="","Blank",IF(COUNTIF($A$2:A51,A51)=1,"Unique","Duplicate")) -> Unique | M51: =IF(L51="Unique",COUNTIF($L$2:L51,"Unique"),"") -> 49
L52: =IF(A52="","Blank",IF(COUNTIF($A$2:A52,A52)=1,"Unique","Duplicate")) -> Blank | M52: =IF(L52="Unique",COUNTIF($L$2:L52,"Unique"),"")
A53: 50 | B53: SE | C53: Havas Media | D53: Winter Churn Prevention | E53: 55805.39 | F53: 53337.8 | G53: EUR | H53: 01/2024 | I53: pending | J53: Original lost | L53: =IF(A53="","Blank",IF(COUNTIF($A$2:A53,A53)=1,"Unique","Duplicate")) -> Unique | M53: =IF(L53="Unique",COUNTIF($L$2:L53,"Unique"),"") -> 50
A54: 51 | B54: sweden | C54: MediaCom | D54: Regional Launch NL | E54: 15739.53 | F54: 16155.7 | G54: € | H54: March 2024 | I54: Pending | L54: =IF(A54="","Blank",IF(COUNTIF($A$2:A54,A54)=1,"Unique","Duplicate")) -> Unique | M54: =IF(L54="Unique",COUNTIF($L$2:L54,"Unique"),"") -> 51
A55: 52 | B55: UK | C55: GroupM | D55: Q2 Retargeting Sweep | E55: 118152.64 | F55: 115056.36 | G55: eur | H55: May 2024 | I55: Paid | L55: =IF(A55="","Blank",IF(COUNTIF($A$2:A55,A55)=1,"Unique","Duplicate")) -> Unique | M55: =IF(L55="Unique",COUNTIF($L$2:L55,"Unique"),"") -> 52
A56: 53 | B56: Italy | C56: Hearts & Science | D56: Premium Tier Push | E56: 33058.21 | F56: 30426.38 | G56: EUR | H56: May 2024 | I56: Pending | L56: =IF(A56="","Blank",IF(COUNTIF($A$2:A56,A56)=1,"Unique","Duplicate")) -> Unique | M56: =IF(L56="Unique",COUNTIF($L$2:L56,"Unique"),"") -> 53
A57: 54 | B57: NL | C57: Hearts & Science | D57: Q1 Brand Awareness | E57: 69101.67 | F57: 70379.71 | G57: EUR | H57: 05/2024 | I57: disputed | J57: Original lost | L57: =IF(A57="","Blank",IF(COUNTIF($A$2:A57,A57)=1,"Unique","Duplicate")) -> Unique | M57: =IF(L57="Unique",COUNTIF($L$2:L57,"Unique"),"") -> 54
A58: 55 | B58: SE | C58: Havas Media | D58: Programmatic Top-Up | E58: 107513.98 | F58: 104326.1 | G58: gbp | H58: May 2024 | I58: disputed | J58: Re-sent | L58: =IF(A58="","Blank",IF(COUNTIF($A$2:A58,A58)=1,"Unique","Duplicate")) -> Unique | M58: =IF(L58="Unique",COUNTIF($L$2:L58,"Unique"),"") -> 55
A59: 56 | B59: france | C59: Hearts & Science | D59: Winter Churn Prevention | E59: 34807.03 | G59: € | H59: June 2024 | I59: Disputed | L59: =IF(A59="","Blank",IF(COUNTIF($A$2:A59,A59)=1,"Unique","Duplicate")) -> Unique | M59: =IF(L59="Unique",COUNTIF($L$2:L59,"Unique"),"") -> 56
A60: 57 | B60: Deutschland | C60: Hearts & Science | D60: Subscriber Acquisition - Spring | E60: 87057.66 | F60: 87057.66 | G60: £ | H60: April 2024 | I60: disputed | L60: =IF(A60="","Blank",IF(COUNTIF($A$2:A60,A60)=1,"Unique","Duplicate")) -> Unique | M60: =IF(L60="Unique",COUNTIF($L$2:L60,"Unique"),"") -> 57
A61: 58 | B61: FRANCE | C61: Publicis | D61: Q2 Retargeting Sweep | E61: 49049.06 | F61: 49049.06 | G61: EUR | H61: 01/2024 | I61: Under review | J61: Amended | L61: =IF(A61="","Blank",IF(COUNTIF($A$2:A61,A61)=1,"Unique","Duplicate")) -> Unique | M61: =IF(L61="Unique",COUNTIF($L$2:L61,"Unique"),"") -> 58
A62: 59 | B62: ES | C62: Mindshare | D62: Winter Churn Prevention | E62: 52814.04 | F62: 52814.04 | G62: GBP | H62: May-24 | I62: Paid | L62: =IF(A62="","Blank",IF(COUNTIF($A$2:A62,A62)=1,"Unique","Duplicate")) -> Unique | M62: =IF(L62="Unique",COUNTIF($L$2:L62,"Unique"),"") -> 59
A63: 60 | B63: Sweden | C63: IPG Mediabrands | D63: Winter Churn Prevention | E63: 5678.05 | F63: 5678.05 | G63: GBP | H63: May 2024 | I63: disputed | J63: Original lost | L63: =IF(A63="","Blank",IF(COUNTIF($A$2:A63,A63)=1,"Unique","Duplicate")) -> Unique | M63: =IF(L63="Unique",COUNTIF($L$2:L63,"Unique"),"") -> 60
A64: 61 | B64: SE | C64: Dentsu | D64: Winter Churn Prevention | E64: 30233.49 | F64: 30233.49 | G64: GBP | H64: May-24 | I64: Under Review | J64: Amended | L64: =IF(A64="","Blank",IF(COUNTIF($A$2:A64,A64)=1,"Unique","Duplicate")) -> Unique | M64: =IF(L64="Unique",COUNTIF($L$2:L64,"Unique"),"") -> 61
A65: 62 | B65: france | C65: Hearts & Science | D65: Data-Driven Creative | E65: 19677.2 | F65: 18140.17 | G65: GBP | H65: Jan-24 | I65: CONFIRMED | J65: Amended | L65: =IF(A65="","Blank",IF(COUNTIF($A$2:A65,A65)=1,"Unique","Duplicate")) -> Unique | M65: =IF(L65="Unique",COUNTIF($L$2:L65,"Unique"),"") -> 62
A66: 63 | B66: FRANCE | C66: Hearts & Science | D66: Content Promo Jan | E66: 10782.73 | F66: 10782.73 | G66: EUR | H66: 05/2024 | I66: Under Review | J66: Check with agency | L66: =IF(A66="","Blank",IF(COUNTIF($A$2:A66,A66)=1,"Unique","Duplicate")) -> Unique | M66: =IF(L66="Unique",COUNTIF($L$2:L66,"Unique"),"") -> 63
A67: 64 | B67: Italy | C67: Omnicom Media Group | D67: Programmatic Top-Up | E67: 114388.47 | F67: 114388.47 | G67: EUR | H67: Jun-24 | I67: Confirmed | J67: Original lost | L67: =IF(A67="","Blank",IF(COUNTIF($A$2:A67,A67)=1,"Unique","Duplicate")) -> Unique | M67: =IF(L67="Unique",COUNTIF($L$2:L67,"Unique"),"") -> 64
A68: 65 | B68: United Kingdom | C68: Havas Media | D68: Q2 Retargeting Sweep | E68: 79766.57 | F68: 84203.41 | G68: GBP | H68: March 2024 | I68: Pending | L68: =IF(A68="","Blank",IF(COUNTIF($A$2:A68,A68)=1,"Unique","Duplicate")) -> Unique | M68: =IF(L68="Unique",COUNTIF($L$2:L68,"Unique"),"") -> 65
A69: 66 | B69: SE | C69: Publicis | D69: Q2 Retargeting Sweep | E69: 19515.41 | F69: 18724.6 | G69: EUR | H69: 05/2024 | I69: pending | J69: Check with agency | L69: =IF(A69="","Blank",IF(COUNTIF($A$2:A69,A69)=1,"Unique","Duplicate")) -> Unique | M69: =IF(L69="Unique",COUNTIF($L$2:L69,"Unique"),"") -> 66
A70: 67 | B70: france | C70: MediaCom | D70: Always-On Display | E70: £115829.5 | F70: 112869.53 | G70: EUR | H70: Apr-24 | I70: CONFIRMED | J70: Manual entry | L70: =IF(A70="","Blank",IF(COUNTIF($A$2:A70,A70)=1,"Unique","Duplicate")) -> Unique | M70: =IF(L70="Unique",COUNTIF($L$2:L70,"Unique"),"") -> 67
A71: 68 | B71: UK | C71: Omnicom Media Group | D71: Always-On Display | E71: 82894.94 | F71: 86025.53 | G71: EUR | H71: 01/2024 | I71: Paid | L71: =IF(A71="","Blank",IF(COUNTIF($A$2:A71,A71)=1,"Unique","Duplicate")) -> Unique | M71: =IF(L71="Unique",COUNTIF($L$2:L71,"Unique"),"") -> 68
A72: 69 | B72: France | C72: Omnicom Media Group | D72: Influencer Collab Feb | E72: 83689.79 | F72: 89191.21 | G72: EUR | H72: January 2024 | I72: Under Review | J72: Original lost | L72: =IF(A72="","Blank",IF(COUNTIF($A$2:A72,A72)=1,"Unique","Duplicate")) -> Unique | M72: =IF(L72="Unique",COUNTIF($L$2:L72,"Unique"),"") -> 69
A73: 70 | B73: IT | C73: Havas Media | D73: Subscriber Acquisition - Spring | E73: 63185.49 | F73: 63185.49 | G73: GBP | H73: Jun-24 | I73: CONFIRMED | J73: Amended | L73: =IF(A73="","Blank",IF(COUNTIF($A$2:A73,A73)=1,"Unique","Duplicate")) -> Unique | M73: =IF(L73="Unique",COUNTIF($L$2:L73,"Unique"),"") -> 70
A74: 71 | B74: spain | C74: Hearts & Science | D74: Performance Max Q1 | E74: 22593.98 | F74: 22593.98 | G74: gbp | H74: 03/2024 | I74: Paid | J74: Original lost | L74: =IF(A74="","Blank",IF(COUNTIF($A$2:A74,A74)=1,"Unique","Duplicate")) -> Unique | M74: =IF(L74="Unique",COUNTIF($L$2:L74,"Unique"),"") -> 71
A75: 72 | B75: Netherlands | C75: Hearts & Science | D75: Premium Tier Push | E75: 99959.48 | F75: 94217.94 | G75: EUR | H75: 01/2024 | I75: pending | J75: Re-sent | L75: =IF(A75="","Blank",IF(COUNTIF($A$2:A75,A75)=1,"Unique","Duplicate")) -> Unique | M75: =IF(L75="Unique",COUNTIF($L$2:L75,"Unique"),"") -> 72
A76: 73 | B76: DE | C76: Hearts & Science | D76: Always-On Display | E76: 75188.15 | F76: 75188.15 | G76: GBP | H76: Jun-24 | I76: Under Review | L76: =IF(A76="","Blank",IF(COUNTIF($A$2:A76,A76)=1,"Unique","Duplicate")) -> Unique | M76: =IF(L76="Unique",COUNTIF($L$2:L76,"Unique"),"") -> 73
A77: 74 | B77: Netherlands | C77: Dentsu | D77: Regional Launch NL | E77: 96750.72 | F77: 96750.72 | G77: EUR | H77: 03/2024 | I77: disputed | L77: =IF(A77="","Blank",IF(COUNTIF($A$2:A77,A77)=1,"Unique","Duplicate")) -> Unique | M77: =IF(L77="Unique",COUNTIF($L$2:L77,"Unique"),"") -> 74
A78: 75 | B78: NL | C78: Dentsu | D78: Subscriber Acquisition - Spring | E78: 32755.95 | F78: 32755.95 | G78: gbp | H78: March 2024 | I78: Disputed | J78: Re-sent | L78: =IF(A78="","Blank",IF(COUNTIF($A$2:A78,A78)=1,"Unique","Duplicate")) -> Unique | M78: =IF(L78="Unique",COUNTIF($L$2:L78,"Unique"),"") -> 75
A79: 76 | B79: italia | C79: GroupM | D79: Subscriber Acquisition - Spring | E79: 38837.09 | F79: 38837.09 | G79: EUR | H79: Apr-24 | I79: Paid | J79: Check with agency | L79: =IF(A79="","Blank",IF(COUNTIF($A$2:A79,A79)=1,"Unique","Duplicate")) -> Unique | M79: =IF(L79="Unique",COUNTIF($L$2:L79,"Unique"),"") -> 76
A80: 77 | B80: Netherlands | C80: Mindshare | D80: EMEA Upfront Deal | E80: 44532.1 | F80: 46693.12 | G80: £ | H80: 05/2024 | I80: pending | J80: Late invoice | L80: =IF(A80="","Blank",IF(COUNTIF($A$2:A80,A80)=1,"Unique","Duplicate")) -> Unique | M80: =IF(L80="Unique",COUNTIF($L$2:L80,"Unique"),"") -> 77
A81: 78 | B81: Deutschland | C81: Dentsu | D81: Subscriber Acquisition - Spring | E81: 87947.7 | F81: 87947.7 | G81: gbp | H81: 02/2024 | I81: Pending | L81: =IF(A81="","Blank",IF(COUNTIF($A$2:A81,A81)=1,"Unique","Duplicate")) -> Unique | M81: =IF(L81="Unique",COUNTIF($L$2:L81,"Unique"),"") -> 78
A82: 79 | B82: Netherlands | C82: Omnicom Media Group | D82: Performance Max Q1 | E82: 72802.49 | F82: 76571.86 | G82: EUR | H82: Mar-24 | I82: pending | L82: =IF(A82="","Blank",IF(COUNTIF($A$2:A82,A82)=1,"Unique","Duplicate")) -> Unique | M82: =IF(L82="Unique",COUNTIF($L$2:L82,"Unique"),"") -> 79
A83: 80 | B83: spain | C83: Publicis | D83: Agency Co-op Feb | E83: 6627.06 | F83: 6224.15 | G83: GBP | H83: 06/2024 | I83: pending | L83: =IF(A83="","Blank",IF(COUNTIF($A$2:A83,A83)=1,"Unique","Duplicate")) -> Unique | M83: =IF(L83="Unique",COUNTIF($L$2:L83,"Unique"),"") -> 80
A84: 81 | B84: sweden | C84: Hearts & Science | D84: Subscriber Acquisition - Spring | E84: 105362.77 | F84: 100395.74 | G84: eur | H84: April 2024 | I84: confirmed | L84: =IF(A84="","Blank",IF(COUNTIF($A$2:A84,A84)=1,"Unique","Duplicate")) -> Unique | M84: =IF(L84="Unique",COUNTIF($L$2:L84,"Unique"),"") -> 81
A85: 82 | B85: Deutschland | C85: Hearts & Science | D85: Subscriber Acquisition - Spring | E85: 99543.3 | F85: 99543.3 | G85: EUR | H85: January 2024 | I85: confirmed | L85: =IF(A85="","Blank",IF(COUNTIF($A$2:A85,A85)=1,"Unique","Duplicate")) -> Unique | M85: =IF(L85="Unique",COUNTIF($L$2:L85,"Unique"),"") -> 82
A86: 83 | B86: Sweden | C86: Omnicom Media Group | D86: Subscriber Acquisition - Spring | E86: 119300.58 | F86: 119300.58 | G86: GBP | H86: March 2024 | I86: disputed | J86: Amended | L86: =IF(A86="","Blank",IF(COUNTIF($A$2:A86,A86)=1,"Unique","Duplicate")) -> Unique | M86: =IF(L86="Unique",COUNTIF($L$2:L86,"Unique"),"") -> 83
A87: 84 | B87: italia | C87: Hearts & Science | D87: Agency Co-op Feb | E87: 103919.17 | F87: 107179.8 | G87: EUR | H87: January 2024 | I87: Paid | L87: =IF(A87="","Blank",IF(COUNTIF($A$2:A87,A87)=1,"Unique","Duplicate")) -> Unique | M87: =IF(L87="Unique",COUNTIF($L$2:L87,"Unique"),"") -> 84
A88: 85 | B88: Germany | C88: Dentsu | D88: Agency Co-op Feb | E88: 80949.24 | F88: 80949.24 | G88: EUR | H88: 06/2024 | I88: CONFIRMED | L88: =IF(A88="","Blank",IF(COUNTIF($A$2:A88,A88)=1,"Unique","Duplicate")) -> Unique | M88: =IF(L88="Unique",COUNTIF($L$2:L88,"Unique"),"") -> 85
A89: 86 | B89: UK | C89: IPG Mediabrands | D89: Winter Churn Prevention | E89: 84277.68 | F89: 84277.68 | G89: GBP | H89: March 2024 | I89: pending | J89: Late invoice | L89: =IF(A89="","Blank",IF(COUNTIF($A$2:A89,A89)=1,"Unique","Duplicate")) -> Unique | M89: =IF(L89="Unique",COUNTIF($L$2:L89,"Unique"),"") -> 86
A90: 87 | B90: italia | C90: WPP Media | D90: Connected TV Bundle | E90: 31843.74 | F90: 31843.74 | G90: EUR | H90: Mar-24 | I90: Under review | L90: =IF(A90="","Blank",IF(COUNTIF($A$2:A90,A90)=1,"Unique","Duplicate")) -> Unique | M90: =IF(L90="Unique",COUNTIF($L$2:L90,"Unique"),"") -> 87
A91: 88 | C91: Dentsu | D91: Connected TV Bundle | E91: 22133.78 | F91: 22133.78 | G91: EUR | H91: 01/2024 | I91: Confirmed | L91: =IF(A91="","Blank",IF(COUNTIF($A$2:A91,A91)=1,"Unique","Duplicate")) -> Unique | M91: =IF(L91="Unique",COUNTIF($L$2:L91,"Unique"),"") -> 88
A92: 89 | B92: Spain | C92: MediaCom | D92: Performance Max Q1 | E92: £99787.63 | F92: 103853.05 | G92: eur | H92: Apr-24 | I92: Under review | J92: Late invoice | L92: =IF(A92="","Blank",IF(COUNTIF($A$2:A92,A92)=1,"Unique","Duplicate")) -> Unique | M92: =IF(L92="Unique",COUNTIF($L$2:L92,"Unique"),"") -> 89
A93: 90 | B93: NL | C93: Mindshare | D93: Winter Churn Prevention | E93: 55342.27 | F93: 54360.48 | G93: £ | H93: 03/2024 | I93: Confirmed | L93: =IF(A93="","Blank",IF(COUNTIF($A$2:A93,A93)=1,"Unique","Duplicate")) -> Unique | M93: =IF(L93="Unique",COUNTIF($L$2:L93,"Unique"),"") -> 90
A94: 91 | B94: DE | C94: MediaCom | D94: Always-On Display | E94: 114340.42 | F94: 120864.65 | G94: € | H94: January 2024 | I94: confirmed | J94: Re-sent | L94: =IF(A94="","Blank",IF(COUNTIF($A$2:A94,A94)=1,"Unique","Duplicate")) -> Unique | M94: =IF(L94="Unique",COUNTIF($L$2:L94,"Unique"),"") -> 91
A95: 92 | B95: NL | C95: Hearts & Science | D95: Data-Driven Creative | E95: 36988.01 | F95: 38486.47 | G95: eur | H95: 01/2024 | I95: Disputed | J95: Check with agency | L95: =IF(A95="","Blank",IF(COUNTIF($A$2:A95,A95)=1,"Unique","Duplicate")) -> Unique | M95: =IF(L95="Unique",COUNTIF($L$2:L95,"Unique"),"") -> 92
A96: 93 | B96: IT | C96: Havas Media | D96: Regional Launch NL | E96: 82065.35 | F96: 84780.59 | G96: eur | H96: Apr-24 | I96: Under review | J96: Original lost | L96: =IF(A96="","Blank",IF(COUNTIF($A$2:A96,A96)=1,"Unique","Duplicate")) -> Unique | M96: =IF(L96="Unique",COUNTIF($L$2:L96,"Unique"),"") -> 93
A97: 94 | B97: United Kingdom | C97: Hearts & Science | D97: Subscriber Acquisition - Spring | E97: 41169.47 | F97: 41169.47 | G97: GBP | H97: June 2024 | I97: Confirmed | J97: Original lost | L97: =IF(A97="","Blank",IF(COUNTIF($A$2:A97,A97)=1,"Unique","Duplicate")) -> Unique | M97: =IF(L97="Unique",COUNTIF($L$2:L97,"Unique"),"") -> 94
A98: 95 | B98: italia | C98: IPG Mediabrands | D98: Q1 Brand Awareness | E98: 26571.99 | F98: 26571.99 | G98: eur | H98: 05/2024 | I98: Confirmed | L98: =IF(A98="","Blank",IF(COUNTIF($A$2:A98,A98)=1,"Unique","Duplicate")) -> Unique | M98: =IF(L98="Unique",COUNTIF($L$2:L98,"Unique"),"") -> 95
A99: 96 | B99: Deutschland | C99: Mindshare | D99: Content Promo Jan | E99: 111682.37 | F99: 111682.37 | G99: eur | H99: Feb-24 | I99: Confirmed | J99: Manual entry | L99: =IF(A99="","Blank",IF(COUNTIF($A$2:A99,A99)=1,"Unique","Duplicate")) -> Unique | M99: =IF(L99="Unique",COUNTIF($L$2:L99,"Unique"),"") -> 96
A100: 97 | B100: DE | C100: Publicis | D100: Agency Co-op Feb | E100: 68346.49 | F100: 63324.71 | G100: EUR | H100: 05/2024 | I100: CONFIRMED | L100: =IF(A100="","Blank",IF(COUNTIF($A$2:A100,A100)=1,"Unique","Duplicate")) -> Unique | M100: =IF(L100="Unique",COUNTIF($L$2:L100,"Unique"),"") -> 97
...

Sheet 2_Cleaned_Data
A1: Row_ID | B1: Market | C1: Partner_Agency | D1: Campaign_Name | E1: Reported_Revenue_GBP | F1: Invoice_Amount_GBP | G1: Currency_Original | H1: Month | I1: Status | J1: Notes | K1: Data_Issue_Flag | L1: FX_Rate
A2: =IFERROR(INDEX('1_Raw_Data'!$A:$A,MATCH(ROW()-1,'1_Raw_Data'!$M:$M,0)),"") -> 1 | B2: =IFERROR(VLOOKUP(LOWER(VLOOKUP(A2,'1_Raw_Data'!$A:$J,2,0)),LookupSheet!$A:$B,2,0),"MISSING") -> Sweden | C2: =VLOOKUP(A2,'1_Raw_Data'!$A:$J,3,0) -> WPP Media | D2: =VLOOKUP(A2,'1_Raw_Data'!$A:$J,4,0) -> Q1 Brand Awareness | E2: ='1_Raw_Data'!E2*L2 -> 77070.593 | F2: =IF('1_Raw_Data'!F2="","MISSING",'1_Raw_Data'!F2*L2) -> 77070.593 | G2: =UPPER(SUBSTITUTE(SUBSTITUTE(VLOOKUP(A2,'1_Raw_Data'!$A:$J,7,0),"€","EUR"),"£","GBP")) -> EUR | H2: =IFERROR(VLOOKUP(LOWER(VLOOKUP(A2,'1_Raw_Data'!$A:$J,8,0)),LookupSheet!$C:$D,2,0),IFERROR(VLOOKUP(LOWER(TEXT(VLOOKUP(A2,'1_Raw_Data'!$A:$J,8,0),"mmm-yy")),LookupSheet!$C:$D,2,0),VLOOKUP(A2,'1_Raw_Data'!$A:$J,8,0))) -> Feb-2024 | I2: =IFERROR(VLOOKUP(LOWER(VLOOKUP(A2,'1_Raw_Data'!$A:$J,9,0)),LookupSheet!$E:$F,2,0),VLOOKUP(A2,'1_Raw_Data'!$A:$J,9,0)) -> Disputed | J2: =IFERROR(IF(VLOOKUP(A2,'1_Raw_Data'!$A:$J,10,FALSE)="","",VLOOKUP(A2,'1_Raw_Data'!$A:$J,10,FALSE)),"") | K2: =IFERROR(IF(B2="UNKNOWN",$B$1&": Missing",IF(OR(F2="",F2="Invalid",F2="MISSING"),$F$1&": Missing",IF(OR(E2="",E2="Invalid",E2="MISSING"),$E$1&": Missing",IF(G2="",$G$1&": Missing",IF(H2="",$H$1&": Missing",IF(I2="",$I$1&": Missing","Clean")))))),"Clean") -> Clean | L2: =IF(G2="GBP",1,VLOOKUP(H2,FX_Rates!$A:$B,2,0)) -> 0.8537
A3: =IFERROR(INDEX('1_Raw_Data'!$A:$A,MATCH(ROW()-1,'1_Raw_Data'!$M:$M,0)),"") -> 2 | B3: =IFERROR(VLOOKUP(LOWER(VLOOKUP(A3,'1_Raw_Data'!$A:$J,2,0)),LookupSheet!$A:$B,2,0),"MISSING") -> Sweden | C3: =VLOOKUP(A3,'1_Raw_Data'!$A:$J,3,0) -> IPG Mediabrands | D3: =VLOOKUP(A3,'1_Raw_Data'!$A:$J,4,0) -> Q1 Brand Awareness | E3: ='1_Raw_Data'!E3*L3 -> 8426.68 | F3: =IF('1_Raw_Data'!F3="","MISSING",'1_Raw_Data'!F3*L3) -> 8426.68 | G3: =UPPER(SUBSTITUTE(SUBSTITUTE(VLOOKUP(A3,'1_Raw_Data'!$A:$J,7,0),"€","EUR"),"£","GBP")) -> GBP | H3: =IFERROR(VLOOKUP(LOWER(VLOOKUP(A3,'1_Raw_Data'!$A:$J,8,0)),LookupSheet!$C:$D,2,0),IFERROR(VLOOKUP(LOWER(TEXT(VLOOKUP(A3,'1_Raw_Data'!$A:$J,8,0),"mmm-yy")),LookupSheet!$C:$D,2,0),VLOOKUP(A3,'1_Raw_Data'!$A:$J,8,0))) -> Jan-2024 | I3: =IFERROR(VLOOKUP(LOWER(VLOOKUP(A3,'1_Raw_Data'!$A:$J,9,0)),LookupSheet!$E:$F,2,0),VLOOKUP(A3,'1_Raw_Data'!$A:$J,9,0)) -> Disputed | J3: =IFERROR(IF(VLOOKUP(A3,'1_Raw_Data'!$A:$J,10,FALSE)="","",VLOOKUP(A3,'1_Raw_Data'!$A:$J,10,FALSE)),"") | K3: =IFERROR(IF(B3="UNKNOWN",$B$1&": Missing",IF(OR(F3="",F3="Invalid",F3="MISSING"),$F$1&": Missing",IF(OR(E3="",E3="Invalid",E3="MISSING"),$E$1&": Missing",IF(G3="",$G$1&": Missing",IF(H3="",$H$1&": Missing",IF(I3="",$I$1&": Missing","Clean")))))),"Clean") -> Clean | L3: =IF(G3="GBP",1,VLOOKUP(H3,FX_Rates!$A:$B,2,0)) -> 1
A4: =IFERROR(INDEX('1_Raw_Data'!$A:$A,MATCH(ROW()-1,'1_Raw_Data'!$M:$M,0)),"") -> 3 | B4: =IFERROR(VLOOKUP(LOWER(VLOOKUP(A4,'1_Raw_Data'!$A:$J,2,0)),LookupSheet!$A:$B,2,0),"MISSING") -> MISSING | C4: =VLOOKUP(A4,'1_Raw_Data'!$A:$J,3,0) -> Mindshare | D4: =VLOOKUP(A4,'1_Raw_Data'!$A:$J,4,0) -> Premium Tier Push | E4: ='1_Raw_Data'!E4*L4 -> 30350.67 | F4: =IF('1_Raw_Data'!F4="","MISSING",'1_Raw_Data'!F4*L4) -> 29642.29 | G4: =UPPER(SUBSTITUTE(SUBSTITUTE(VLOOKUP(A4,'1_Raw_Data'!$A:$J,7,0),"€","EUR"),"£","GBP")) -> GBP | H4: =IFERROR(VLOOKUP(LOWER(VLOOKUP(A4,'1_Raw_Data'!$A:$J,8,0)),LookupSheet!$C:$D,2,0),IFERROR(VLOOKUP(LOWER(TEXT(VLOOKUP(A4,'1_Raw_Data'!$A:$J,8,0),"mmm-yy")),LookupSheet!$C:$D,2,0),VLOOKUP(A4,'1_Raw_Data'!$A:$J,8,0))) -> Feb-2024 | I4: =IFERROR(VLOOKUP(LOWER(VLOOKUP(A4,'1_Raw_Data'!$A:$J,9,0)),LookupSheet!$E:$F,2,0),VLOOKUP(A4,'1_Raw_Data'!$A:$J,9,0)) -> Under Review | J4: =IFERROR(IF(VLOOKUP(A4,'1_Raw_Data'!$A:$J,10,FALSE)="","",VLOOKUP(A4,'1_Raw_Data'!$A:$J,10,FALSE)),"") -> Check with agency | K4: =IFERROR(IF(B4="UNKNOWN",$B$1&": Missing",IF(OR(F4="",F4="Invalid",F4="MISSING"),$F$1&": Missing",IF(OR(E4="",E4="Invalid",E4="MISSING"),$E$1&": Missing",IF(G4="",$G$1&": Missing",IF(H4="",$H$1&": Missing",IF(I4="",$I$1&": Missing","Clean")))))),"Clean") -> Clean | L4: =IF(G4="GBP",1,VLOOKUP(H4,FX_Rates!$A:$B,2,0)) -> 1
A5: =IFERROR(INDEX('1_Raw_Data'!$A:$A,MATCH(ROW()-1,'1_Raw_Data'!$M:$M,0)),"") -> 4 | B5: =IFERROR(VLOOKUP(LOWER(VLOOKUP(A5,'1_Raw_Data'!$A:$J,2,0)),LookupSheet!$A:$B,2,0),"MISSING") -> Germany | C5: =VLOOKUP(A5,'1_Raw_Data'!$A:$J,3,0) -> Publicis | D5: =VLOOKUP(A5,'1_Raw_Data'!$A:$J,4,0) -> Q2 Retargeting Sweep | E5: ='1_Raw_Data'!E5*L5 -> 98197.337 | F5: =IF('1_Raw_Data'!F5="","MISSING",'1_Raw_Data'!F5*L5) -> 98197.337 | G5: =UPPER(SUBSTITUTE(SUBSTITUTE(VLOOKUP(A5,'1_Raw_Data'!$A:$J,7,0),"€","EUR"),"£","GBP")) -> EUR | H5: =IFERROR(VLOOKUP(LOWER(VLOOKUP(A5,'1_Raw_Data'!$A:$J,8,0)),LookupSheet!$C:$D,2,0),IFERROR(VLOOKUP(LOWER(TEXT(VLOOKUP(A5,'1_Raw_Data'!$A:$J,8,0),"mmm-yy")),LookupSheet!$C:$D,2,0),VLOOKUP(A5,'1_Raw_Data'!$A:$J,8,0))) -> May-2024 | I5: =IFERROR(VLOOKUP(LOWER(VLOOKUP(A5,'1_Raw_Data'!$A:$J,9,0)),LookupSheet!$E:$F,2,0),VLOOKUP(A5,'1_Raw_Data'!$A:$J,9,0)) -> Confirmed | J5: =IFERROR(IF(VLOOKUP(A5,'1_Raw_Data'!$A:$J,10,FALSE)="","",VLOOKUP(A5,'1_Raw_Data'!$A:$J,10,FALSE)),"") -> Check with agency | K5: =IFERROR(IF(B5="UNKNOWN",$B$1&": Missing",IF(OR(F5="",F5="Invalid",F5="MISSING"),$F$1&": Missing",IF(OR(E5="",E5="Invalid",E5="MISSING"),$E$1&": Missing",IF(G5="",$G$1&": Missing",IF(H5="",$H$1&": Missing",IF(I5="",$I$1&": Missing","Clean")))))),"Clean") -> Clean | L5: =IF(G5="GBP",1,VLOOKUP(H5,FX_Rates!$A:$B,2,0)) -> 0.8533
A6: =IFERROR(INDEX('1_Raw_Data'!$A:$A,MATCH(ROW()-1,'1_Raw_Data'!$M:$M,0)),"") -> 5 | B6: =IFERROR(VLOOKUP(LOWER(VLOOKUP(A6,'1_Raw_Data'!$A:$J,2,0)),LookupSheet!$A:$B,2,0),"MISSING") -> Spain | C6: =VLOOKUP(A6,'1_Raw_Data'!$A:$J,3,0) -> MediaCom | D6: =VLOOKUP(A6,'1_Raw_Data'!$A:$J,4,0) -> Agency Co-op Feb | E6: ='1_Raw_Data'!E6*L6 -> 97819.75 | F6: =IF('1_Raw_Data'!F6="","MISSING",'1_Raw_Data'!F6*L6) -> 93665.93 | G6: =UPPER(SUBSTITUTE(SUBSTITUTE(VLOOKUP(A6,'1_Raw_Data'!$A:$J,7,0),"€","EUR"),"£","GBP")) -> GBP | H6: =IFERROR(VLOOKUP(LOWER(VLOOKUP(A6,'1_Raw_Data'!$A:$J,8,0)),LookupSheet!$C:$D,2,0),IFERROR(VLOOKUP(LOWER(TEXT(VLOOKUP(A6,'1_Raw_Data'!$A:$J,8,0),"mmm-yy")),LookupSheet!$C:$D,2,0),VLOOKUP(A6,'1_Raw_Data'!$A:$J,8,0))) -> Jan-2024 | I6: =IFERROR(VLOOKUP(LOWER(VLOOKUP(A6,'1_Raw_Data'!$A:$J,9,0)),LookupSheet!$E:$F,2,0),VLOOKUP(A6,'1_Raw_Data'!$A:$J,9,0)) -> Disputed | J6: =IFERROR(IF(VLOOKUP(A6,'1_Raw_Data'!$A:$J,10,FALSE)="","",VLOOKUP(A6,'1_Raw_Data'!$A:$J,10,FALSE)),"") -> Late invoice | K6: =IFERROR(IF(B6="UNKNOWN",$B$1&": Missing",IF(OR(F6="",F6="Invalid",F6="MISSING"),$F$1&": Missing",IF(OR(E6="",E6="Invalid",E6="MISSING"),$E$1&": Missing",IF(G6="",$G$1&": Missing",IF(H6="",$H$1&": Missing",IF(I6="",$I$1&": Missing","Clean")))))),"Clean") -> Clean | L6: =IF(G6="GBP",1,VLOOKUP(H6,FX_Rates!$A:$B,2,0)) -> 1
A7: =IFERROR(INDEX('1_Raw_Data'!$A:$A,MATCH(ROW()-1,'1_Raw_Data'!$M:$M,0)),"") -> 6 | B7: =IFERROR(VLOOKUP(LOWER(VLOOKUP(A7,'1_Raw_Data'!$A:$J,2,0)),LookupSheet!$A:$B,2,0),"MISSING") -> Sweden | C7: =VLOOKUP(A7,'1_Raw_Data'!$A:$J,3,0) -> MediaCom | D7: =VLOOKUP(A7,'1_Raw_Data'!$A:$J,4,0) -> Data-Driven Creative | E7: ='1_Raw_Data'!E7*L7 -> 104096.29 | F7: =IF('1_Raw_Data'!F7="","MISSING",'1_Raw_Data'!F7*L7) -> 100902.62 | G7: =UPPER(SUBSTITUTE(SUBSTITUTE(VLOOKUP(A7,'1_Raw_Data'!$A:$J,7,0),"€","EUR"),"£","GBP")) -> GBP | H7: =IFERROR(VLOOKUP(LOWER(VLOOKUP(A7,'1_Raw_Data'!$A:$J,8,0)),LookupSheet!$C:$D,2,0),IFERROR(VLOOKUP(LOWER(TEXT(VLOOKUP(A7,'1_Raw_Data'!$A:$J,8,0),"mmm-yy")),LookupSheet!$C:$D,2,0),VLOOKUP(A7,'1_Raw_Data'!$A:$J,8,0))) -> Mar-2024 | I7: =IFERROR(VLOOKUP(LOWER(VLOOKUP(A7,'1_Raw_Data'!$A:$J,9,0)),LookupSheet!$E:$F,2,0),VLOOKUP(A7,'1_Raw_Data'!$A:$J,9,0)) -> Pending | J7: =IFERROR(IF(VLOOKUP(A7,'1_Raw_Data'!$A:$J,10,FALSE)="","",VLOOKUP(A7,'1_Raw_Data'!$A:$J,10,FALSE)),"") | K7: =IFERROR(IF(B7="UNKNOWN",$B$1&": Missing",IF(OR(F7="",F7="Invalid",F7="MISSING"),$F$1&": Missing",IF(OR(E7="",E7="Invalid",E7="MISSING"),$E$1&": Missing",IF(G7="",$G$1&": Missing",IF(H7="",$H$1&": Missing",IF(I7="",$I$1&": Missing","Clean")))))),"Clean") -> Clean | L7: =IF(G7="GBP",1,VLOOKUP(H7,FX_Rates!$A:$B,2,0)) -> 1
A8: =IFERROR(INDEX('1_Raw_Data'!$A:$A,MATCH(ROW()-1,'1_Raw_Data'!$M:$M,0)),"") -> 7 | B8: =IFERROR(VLOOKUP(LOWER(VLOOKUP(A8,'1_Raw_Data'!$A:$J,2,0)),LookupSheet!$A:$B,2,0),"MISSING") -> Germany | C8: =VLOOKUP(A8,'1_Raw_Data'!$A:$J,3,0) -> WPP Media | D8: =VLOOKUP(A8,'1_Raw_Data'!$A:$J,4,0) -> Premium Tier Push | E8: ='1_Raw_Data'!E8*L8 -> 36966.96 | F8: =IF('1_Raw_Data'!F8="","MISSING",'1_Raw_Data'!F8*L8) -> 34953.67 | G8: =UPPER(SUBSTITUTE(SUBSTITUTE(VLOOKUP(A8,'1_Raw_Data'!$A:$J,7,0),"€","EUR"),"£","GBP")) -> GBP | H8: =IFERROR(VLOOKUP(LOWER(VLOOKUP(A8,'1_Raw_Data'!$A:$J,8,0)),LookupSheet!$C:$D,2,0),IFERROR(VLOOKUP(LOWER(TEXT(VLOOKUP(A8,'1_Raw_Data'!$A:$J,8,0),"mmm-yy")),LookupSheet!$C:$D,2,0),VLOOKUP(A8,'1_Raw_Data'!$A:$J,8,0))) -> Apr-2024 | I8: =IFERROR(VLOOKUP(LOWER(VLOOKUP(A8,'1_Raw_Data'!$A:$J,9,0)),LookupSheet!$E:$F,2,0),VLOOKUP(A8,'1_Raw_Data'!$A:$J,9,0)) -> Pending | J8: =IFERROR(IF(VLOOKUP(A8,'1_Raw_Data'!$A:$J,10,FALSE)="","",VLOOKUP(A8,'1_Raw_Data'!$A:$J,10,FALSE)),"") -> Late invoice | K8: =IFERROR(IF(B8="UNKNOWN",$B$1&": Missing",IF(OR(F8="",F8="Invalid",F8="MISSING"),$F$1&": Missing",IF(OR(E8="",E8="Invalid",E8="MISSING"),$E$1&": Missing",IF(G8="",$G$1&": Missing",IF(H8="",$H$1&": Missing",IF(I8="",$I$1&": Missing","Clean")))))),"Clean") -> Clean | L8: =IF(G8="GBP",1,VLOOKUP(H8,FX_Rates!$A:$B,2,0)) -> 1
A9: =IFERROR(INDEX('1_Raw_Data'!$A:$A,MATCH(ROW()-1,'1_Raw_Data'!$M:$M,0)),"") -> 8 | B9: =IFERROR(VLOOKUP(LOWER(VLOOKUP(A9,'1_Raw_Data'!$A:$J,2,0)),LookupSheet!$A:$B,2,0),"MISSING") -> Sweden | C9: =VLOOKUP(A9,'1_Raw_Data'!$A:$J,3,0) -> WPP Media | D9: =VLOOKUP(A9,'1_Raw_Data'!$A:$J,4,0) -> Always-On Display | E9: ='1_Raw_Data'!E9*L9 -> 66576.599 | F9: =IF('1_Raw_Data'!F9="","MISSING",'1_Raw_Data'!F9*L9) -> 62391.376 | G9: =UPPER(SUBSTITUTE(SUBSTITUTE(VLOOKUP(A9,'1_Raw_Data'!$A:$J,7,0),"€","EUR"),"£","GBP")) -> EUR | H9: =IFERROR(VLOOKUP(LOWER(VLOOKUP(A9,'1_Raw_Data'!$A:$J,8,0)),LookupSheet!$C:$D,2,0),IFERROR(VLOOKUP(LOWER(TEXT(VLOOKUP(A9,'1_Raw_Data'!$A:$J,8,0),"mmm-yy")),LookupSheet!$C:$D,2,0),VLOOKUP(A9,'1_Raw_Data'!$A:$J,8,0))) -> May-2024 | I9: =IFERROR(VLOOKUP(LOWER(VLOOKUP(A9,'1_Raw_Data'!$A:$J,9,0)),LookupSheet!$E:$F,2,0),VLOOKUP(A9,'1_Raw_Data'!$A:$J,9,0)) -> Pending | J9: =IFERROR(IF(VLOOKUP(A9,'1_Raw_Data'!$A:$J,10,FALSE)="","",VLOOKUP(A9,'1_Raw_Data'!$A:$J,10,FALSE)),"") -> Original lost | K9: =IFERROR(IF(B9="UNKNOWN",$B$1&": Missing",IF(OR(F9="",F9="Invalid",F9="MISSING"),$F$1&": Missing",IF(OR(E9="",E9="Invalid",E9="MISSING"),$E$1&": Missing",IF(G9="",$G$1&": Missing",IF(H9="",$H$1&": Missing",IF(I9="",$I$1&": Missing","Clean")))))),"Clean") -> Clean | L9: =IF(G9="GBP",1,VLOOKUP(H9,FX_Rates!$A:$B,2,0)) -> 0.8533
A10: =IFERROR(INDEX('1_Raw_Data'!$A:$A,MATCH(ROW()-1,'1_Raw_Data'!$M:$M,0)),"") -> 9 | B10: =IFERROR(VLOOKUP(LOWER(VLOOKUP(A10,'1_Raw_Data'!$A:$J,2,0)),LookupSheet!$A:$B,2,0),"MISSING") -> Germany | C10: =VLOOKUP(A10,'1_Raw_Data'!$A:$J,3,0) -> Havas Media | D10: =VLOOKUP(A10,'1_Raw_Data'!$A:$J,4,0) -> Influencer Collab Feb | E10: ='1_Raw_Data'!E10*L10 -> 93356.06 | F10: =IF('1_Raw_Data'!F10="","MISSING",'1_Raw_Data'!F10*L10) -> 93356.06 | G10: =UPPER(SUBSTITUTE(SUBSTITUTE(VLOOKUP(A10,'1_Raw_Data'!$A:$J,7,0),"€","EUR"),"£","GBP")) -> GBP | H10: =IFERROR(VLOOKUP(LOWER(VLOOKUP(A10,'1_Raw_Data'!$A:$J,8,0)),LookupSheet!$C:$D,2,0),IFERROR(VLOOKUP(LOWER(TEXT(VLOOKUP(A10,'1_Raw_Data'!$A:$J,8,0),"mmm-yy")),LookupSheet!$C:$D,2,0),VLOOKUP(A10,'1_Raw_Data'!$A:$J,8,0))) -> Apr-2024 | I10: =IFERROR(VLOOKUP(LOWER(VLOOKUP(A10,'1_Raw_Data'!$A:$J,9,0)),LookupSheet!$E:$F,2,0),VLOOKUP(A10,'1_Raw_Data'!$A:$J,9,0)) -> Under Review | J10: =IFERROR(IF(VLOOKUP(A10,'1_Raw_Data'!$A:$J,10,FALSE)="","",VLOOKUP(A10,'1_Raw_Data'!$A:$J,10,FALSE)),"") -> Late invoice | K10: =IFERROR(IF(B10="UNKNOWN",$B$1&": Missing",IF(OR(F10="",F10="Invalid",F10="MISSING"),$F$1&": Missing",IF(OR(E10="",E10="Invalid",E10="MISSING"),$E$1&": Missing",IF(G10="",$G$1&": Missing",IF(H10="",$H$1&": Missing",IF(I10="",$I$1&": Missing","Clean")))))),"Clean") -> Clean | L10: =IF(G10="GBP",1,VLOOKUP(H10,FX_Rates!$A:$B,2,0)) -> 1
A11: =IFERROR(INDEX('1_Raw_Data'!$A:$A,MATCH(ROW()-1,'1_Raw_Data'!$M:$M,0)),"") -> 10 | B11: =IFERROR(VLOOKUP(LOWER(VLOOKUP(A11,'1_Raw_Data'!$A:$J,2,0)),LookupSheet!$A:$B,2,0),"MISSING") -> UK | C11: =VLOOKUP(A11,'1_Raw_Data'!$A:$J,3,0) -> Dentsu | D11: =VLOOKUP(A11,'1_Raw_Data'!$A:$J,4,0) -> Data-Driven Creative | E11: ='1_Raw_Data'!E11*L11 -> 96793.761 | F11: =IF('1_Raw_Data'!F11="","MISSING",'1_Raw_Data'!F11*L11) -> 99893.817 | G11: =UPPER(SUBSTITUTE(SUBSTITUTE(VLOOKUP(A11,'1_Raw_Data'!$A:$J,7,0),"€","EUR"),"£","GBP")) -> EUR | H11: =IFERROR(VLOOKUP(LOWER(VLOOKUP(A11,'1_Raw_Data'!$A:$J,8,0)),LookupSheet!$C:$D,2,0),IFERROR(VLOOKUP(LOWER(TEXT(VLOOKUP(A11,'1_Raw_Data'!$A:$J,8,0),"mmm-yy")),LookupSheet!$C:$D,2,0),VLOOKUP(A11,'1_Raw_Data'!$A:$J,8,0))) -> May-2024 | I11: =IFERROR(VLOOKUP(LOWER(VLOOKUP(A11,'1_Raw_Data'!$A:$J,9,0)),LookupSheet!$E:$F,2,0),VLOOKUP(A11,'1_Raw_Data'!$A:$J,9,0)) -> Disputed | J11: =IFERROR(IF(VLOOKUP(A11,'1_Raw_Data'!$A:$J,10,FALSE)="","",VLOOKUP(A11,'1_Raw_Data'!$A:$J,10,FALSE)),"") | K11: =IFERROR(IF(B11="UNKNOWN",$B$1&": Missing",IF(OR(F11="",F11="Invalid",F11="MISSING"),$F$1&": Missing",IF(OR(E11="",E11="Invalid",E11="MISSING"),$E$1&": Missing",IF(G11="",$G$1&": Missing",IF(H11="",$H$1&": Missing",IF(I11="",$I$1&": Missing","Clean")))))),"Clean") -> Clean | L11: =IF(G11="GBP",1,VLOOKUP(H11,FX_Rates!$A:$B,2,0)) -> 0.8533
A12: =IFERROR(INDEX('1_Raw_Data'!$A:$A,MATCH(ROW()-1,'1_Raw_Data'!$M:$M,0)),"") -> 11 | B12: =IFERROR(VLOOKUP(LOWER(VLOOKUP(A12,'1_Raw_Data'!$A:$J,2,0)),LookupSheet!$A:$B,2,0),"MISSING") -> Germany | C12: =VLOOKUP(A12,'1_Raw_Data'!$A:$J,3,0) -> Publicis | D12: =VLOOKUP(A12,'1_Raw_Data'!$A:$J,4,0) -> Q2 Retargeting Sweep | E12: ='1_Raw_Data'!E12*L12 -> 90673.73 | F12: =IF('1_Raw_Data'!F12="","MISSING",'1_Raw_Data'!F12*L12) -> 88161.25 | G12: =UPPER(SUBSTITUTE(SUBSTITUTE(VLOOKUP(A12,'1_Raw_Data'!$A:$J,7,0),"€","EUR"),"£","GBP")) -> GBP | H12: =IFERROR(VLOOKUP(LOWER(VLOOKUP(A12,'1_Raw_Data'!$A:$J,8,0)),LookupSheet!$C:$D,2,0),IFERROR(VLOOKUP(LOWER(TEXT(VLOOKUP(A12,'1_Raw_Data'!$A:$J,8,0),"mmm-yy")),LookupSheet!$C:$D,2,0),VLOOKUP(A12,'1_Raw_Data'!$A:$J,8,0))) -> May-2024 | I12: =IFERROR(VLOOKUP(LOWER(VLOOKUP(A12,'1_Raw_Data'!$A:$J,9,0)),LookupSheet!$E:$F,2,0),VLOOKUP(A12,'1_Raw_Data'!$A:$J,9,0)) -> Under Review | J12: =IFERROR(IF(VLOOKUP(A12,'1_Raw_Data'!$A:$J,10,FALSE)="","",VLOOKUP(A12,'1_Raw_Data'!$A:$J,10,FALSE)),"") | K12: =IFERROR(IF(B12="UNKNOWN",$B$1&": Missing",IF(OR(F12="",F12="Invalid",F12="MISSING"),$F$1&": Missing",IF(OR(E12="",E12="Invalid",E12="MISSING"),$E$1&": Missing",IF(G12="",$G$1&": Missing",IF(H12="",$H$1&": Missing",IF(I12="",$I$1&": Missing","Clean")))))),"Clean") -> Clean | L12: =IF(G12="GBP",1,VLOOKUP(H12,FX_Rates!$A:$B,2,0)) -> 1
A13: =IFERROR(INDEX('1_Raw_Data'!$A:$A,MATCH(ROW()-1,'1_Raw_Data'!$M:$M,0)),"") -> 12 | B13: =IFERROR(VLOOKUP(LOWER(VLOOKUP(A13,'1_Raw_Data'!$A:$J,2,0)),LookupSheet!$A:$B,2,0),"MISSING") -> France | C13: =VLOOKUP(A13,'1_Raw_Data'!$A:$J,3,0) -> Mindshare | D13: =VLOOKUP(A13,'1_Raw_Data'!$A:$J,4,0) -> Winter Churn Prevention | E13: ='1_Raw_Data'!E13*L13 -> 13193.575 | F13: =IF('1_Raw_Data'!F13="","MISSING",'1_Raw_Data'!F13*L13) -> MISSING | G13: =UPPER(SUBSTITUTE(SUBSTITUTE(VLOOKUP(A13,'1_Raw_Data'!$A:$J,7,0),"€","EUR"),"£","GBP")) -> EUR | H13: =IFERROR(VLOOKUP(LOWER(VLOOKUP(A13,'1_Raw_Data'!$A:$J,8,0)),LookupSheet!$C:$D,2,0),IFERROR(VLOOKUP(LOWER(TEXT(VLOOKUP(A13,'1_Raw_Data'!$A:$J,8,0),"mmm-yy")),LookupSheet!$C:$D,2,0),VLOOKUP(A13,'1_Raw_Data'!$A:$J,8,0))) -> Feb-2024 | I13: =IFERROR(VLOOKUP(LOWER(VLOOKUP(A13,'1_Raw_Data'!$A:$J,9,0)),LookupSheet!$E:$F,2,0),VLOOKUP(A13,'1_Raw_Data'!$A:$J,9,0)) -> Confirmed | J13: =IFERROR(IF(VLOOKUP(A13,'1_Raw_Data'!$A:$J,10,FALSE)="","",VLOOKUP(A13,'1_Raw_Data'!$A:$J,10,FALSE)),"") -> Amended | K13: =IFERROR(IF(B13="UNKNOWN",$B$1&": Missing",IF(OR(F13="",F13="Invalid",F13="MISSING"),$F$1&": Missing",IF(OR(E13="",E13="Invalid",E13="MISSING"),$E$1&": Missing",IF(G13="",$G$1&": Missing",IF(H13="",$H$1&": Missing",IF(I13="",$I$1&": Missing","Clean")))))),"Clean") -> Invoice_Amount_GBP: Missing | L13: =IF(G13="GBP",1,VLOOKUP(H13,FX_Rates!$A:$B,2,0)) -> 0.8537
... A101: =IFERROR(INDEX('1_Raw_Data'!$A:$A,MATCH(ROW()-1,'1_Raw_Data'!$M:$M,0)),"") -> 100 | B101: =IFERROR(VLOOKUP(LOWER(VLOOKUP(A101,'1_Raw_Data'!$A:$J,2,0)),LookupSheet!$A:$B,2,0),"MISSING") -> Spain | C101: =VLOOKUP(A101,'1_Raw_Data'!$A:$J,3,0) -> Mindshare | D101: =VLOOKUP(A101,'1_Raw_Data'!$A:$J,4,0) -> Agency Co-op Feb | E101: ='1_Raw_Data'!E101*L101 -> 72687.255 | F101: =IF('1_Raw_Data'!F101="","MISSING",'1_Raw_Data'!F101*L101) -> 72687.255 | G101: =UPPER(SUBSTITUTE(SUBSTITUTE(VLOOKUP(A101,'1_Raw_Data'!$A:$J,7,0),"€","EUR"),"£","GBP")) -> EUR | H101: =IFERROR(VLOOKUP(LOWER(VLOOKUP(A101,'1_Raw_Data'!$A:$J,8,0)),LookupSheet!$C:$D,2,0),IFERROR(VLOOKUP(LOWER(TEXT(VLOOKUP(A101,'1_Raw_Data'!$A:$J,8,0),"mmm-yy")),LookupSheet!$C:$D,2,0),VLOOKUP(A101,'1_Raw_Data'!$A:$J,8,0))) -> Jun-2024 | I101: =IFERROR(VLOOKUP(LOWER(VLOOKUP(A101,'1_Raw_Data'!$A:$J,9,0)),LookupSheet!$E:$F,2,0),VLOOKUP(A101,'1_Raw_Data'!$A:$J,9,0)) -> Confirmed | J101: =IFERROR(IF(VLOOKUP(A101,'1_Raw_Data'!$A:$J,10,FALSE)="","",VLOOKUP(A101,'1_Raw_Data'!$A:$J,10,FALSE)),"") -> Re-sent | K101: =IFERROR(IF(B101="UNKNOWN",$B$1&": Missing",IF(OR(F101="",F101="Invalid",F101="MISSING"),$F$1&": Missing",IF(OR(E101="",E101="Invalid",E101="MISSING"),$E$1&": Missing",IF(G101="",$G$1&": Missing",IF(H101="",$H$1&": Missing",IF(I101="",$I$1&": Missing","Clean")))))),"Clean") -> Clean | L101: =IF(G101="GBP",1,VLOOKUP(H101,FX_Rates!$A:$B,2,0)) -> 0.844

Sheet 3_Reconciliation
A1: Row_ID | B1: Market | C1: Partner_Agency | D1: Month | E1: Reported_Revenue_GBP | F1: Invoice_Amount_GBP | G1: Variance_GBP | H1: Variance_Pct | I1: Recon_Status
A2: 1 | B2: Sweden | C2: WPP Media | D2: Feb-2024 | E2: 77639.35 | F2: 77639.35 | G2: =F2-E2 -> 0 | H2: =IFERROR((F2-E2)/E2,0) -> 0 | I2: =IF(ABS(H2)<=0.01,"Match",IF(ABS(H2)<=0.05,"Review","Escalate")) -> Match
A3: 2 | B3: Sweden | C3: IPG Mediabrands | D3: Jan-2024 | E3: 8426.68 | F3: 8426.68 | G3: =F3-E3 -> 0 | H3: =IFERROR((F3-E3)/E3,0) -> 0 | I3: =IF(ABS(H3)<=0.01,"Match",IF(ABS(H3)<=0.05,"Review","Escalate")) -> Match
A4: 3 | B4: UNKNOWN | C4: Mindshare | D4: Feb-2024 | E4: 30350.67 | F4: 29642.29 | G4: =F4-E4 -> -708.38 | H4: =IFERROR((F4-E4)/E4,0) -> -0.023339847 | I4: =IF(ABS(H4)<=0.01,"Match",IF(ABS(H4)<=0.05,"Review","Escalate")) -> Review
A5: 4 | B5: Germany | C5: Publicis | D5: May-2024 | E5: 98968.37 | F5: 98968.37 | G5: =F5-E5 -> 0 | H5: =IFERROR((F5-E5)/E5,0) -> 0 | I5: =IF(ABS(H5)<=0.01,"Match",IF(ABS(H5)<=0.05,"Review","Escalate")) -> Match
A6: 5 | B6: Spain | C6: MediaCom | D6: Jan-2024 | E6: 97819.75 | F6: 93665.93 | G6: =F6-E6 -> -4153.82 | H6: =IFERROR((F6-E6)/E6,0) -> -0.042464022 | I6: =IF(ABS(H6)<=0.01,"Match",IF(ABS(H6)<=0.05,"Review","Escalate")) -> Review
A7: 6 | B7: Sweden | C7: MediaCom | D7: Mar-2024 | E7: 104096.29 | F7: 100902.62 | G7: =F7-E7 -> -3193.67 | H7: =IFERROR((F7-E7)/E7,0) -> -0.03067996 | I7: =IF(ABS(H7)<=0.01,"Match",IF(ABS(H7)<=0.05,"Review","Escalate")) -> Review
A8: 7 | B8: Germany | C8: WPP Media | D8: Apr-2024 | E8: 36966.96 | F8: 34953.67 | G8: =F8-E8 -> -2013.29 | H8: =IFERROR((F8-E8)/E8,0) -> -0.054461876 | I8: =IF(ABS(H8)<=0.01,"Match",IF(ABS(H8)<=0.05,"Review","Escalate")) -> Escalate
A9: 8 | B9: Sweden | C9: WPP Media | D9: May-2024 | E9: 67099.35 | F9: 62881.26 | G9: =F9-E9 -> -4218.09 | H9: =IFERROR((F9-E9)/E9,0) -> -0.062863351 | I9: =IF(ABS(H9)<=0.01,"Match",IF(ABS(H9)<=0.05,"Review","Escalate")) -> Escalate
A10: 9 | B10: Germany | C10: Havas Media | D10: Apr-2024 | E10: 93356.06 | F10: 93356.06 | G10: =F10-E10 -> 0 | H10: =IFERROR((F10-E10)/E10,0) -> 0 | I10: =IF(ABS(H10)<=0.01,"Match",IF(ABS(H10)<=0.05,"Review","Escalate")) -> Match
A11: 10 | B11: UK | C11: Dentsu | D11: May-2024 | E11: 97553.77 | F11: 100678.17 | G11: =F11-E11 -> 3124.4 | H11: =IFERROR((F11-E11)/E11,0) -> 0.032027465 | I11: =IF(ABS(H11)<=0.01,"Match",IF(ABS(H11)<=0.05,"Review","Escalate")) -> Review
A12: 11 | B12: Germany | C12: Publicis | D12: May-2024 | E12: 90673.73 | F12: 88161.25 | G12: =F12-E12 -> -2512.48 | H12: =IFERROR((F12-E12)/E12,0) -> -0.027709018 | I12: =IF(ABS(H12)<=0.01,"Match",IF(ABS(H12)<=0.05,"Review","Escalate")) -> Review
A13: 12 | B13: France | C13: Mindshare | D13: Feb-2024 | E13: 13193.57 | F13: Missing | G13: N/A | H13: N/A | I13: Missing Invoice
A14: 13 | B14: Sweden | C14: WPP Media | D14: Jan-2024 | E14: 48886.22 | F14: 51185.73 | G14: =F14-E14 -> 2299.51 | H14: =IFERROR((F14-E14)/E14,0) -> 0.047038 | I14: =IF(ABS(H14)<=0.01,"Match",IF(ABS(H14)<=0.05,"Review","Escalate")) -> Review
A15: 14 | B15: Germany | C15: Havas Media | D15: Mar-2024 | E15: 38752.51 | F15: 38752.51 | G15: =F15-E15 -> 0 | H15: =IFERROR((F15-E15)/E15,0) -> 0 | I15: =IF(ABS(H15)<=0.01,"Match",IF(ABS(H15)<=0.05,"Review","Escalate")) -> Match
A16: 15 | B16: Netherlands | C16: WPP Media | D16: Feb-2024 | E16: 66142.19 | F16: 69154.06 | G16: =F16-E16 -> 3011.87 | H16: =IFERROR((F16-E16)/E16,0) -> 0.045536291 | I16: =IF(ABS(H16)<=0.01,"Match",IF(ABS(H16)<=0.05,"Review","Escalate")) -> Review
A17: 16 | B17: Netherlands | C17: Mindshare | D17: Feb-2024 | E17: 5065.77 | F17: 5065.77 | G17: =F17-E17 -> 0 | H17: =IFERROR((F17-E17)/E17,0) -> 0 | I17: =IF(ABS(H17)<=0.01,"Match",IF(ABS(H17)<=0.05,"Review","Escalate")) -> Match
A18: 17 | B18: Germany | C18: GroupM | D18: Jan-2024 | E18: 91135.15 | F18: 92592.92 | G18: =F18-E18 -> 1457.77 | H18: =IFERROR((F18-E18)/E18,0) -> 0.015995694 | I18: =IF(ABS(H18)<=0.01,"Match",IF(ABS(H18)<=0.05,"Review","Escalate")) -> Review
A19: 18 | B19: France | C19: Hearts & Science | D19: Jun-2024 | E19: 20631.06 | F19: 19856.6 | G19: =F19-E19 -> -774.46 | H19: =IFERROR((F19-E19)/E19,0) -> -0.037538546 | I19: =IF(ABS(H19)<=0.01,"Match",IF(ABS(H19)<=0.05,"Review","Escalate")) -> Review
A20: 19 | B20: Italy | C20: Havas Media | D20: Mar-2024 | E20: 93271.83 | F20: 93271.83 | G20: =F20-E20 -> 0 | H20: =IFERROR((F20-E20)/E20,0) -> 0 | I20: =IF(ABS(H20)<=0.01,"Match",IF(ABS(H20)<=0.05,"Review","Escalate")) -> Match
A21: 20 | B21: UK | C21: MediaCom | D21: Jan-2024 | E21: 27058.34 | F21: 27058.34 | G21: =F21-E21 -> 0 | H21: =IFERROR((F21-E21)/E21,0) -> 0 | I21: =IF(ABS(H21)<=0.01,"Match",IF(ABS(H21)<=0.05,"Review","Escalate")) -> Match
A22: 21 | B22: UK | C22: Havas Media | D22: Mar-2024 | E22: 55150.04 | F22: 55150.04 | G22: =F22-E22 -> 0 | H22: =IFERROR((F22-E22)/E22,0) -> 0 | I22: =IF(ABS(H22)<=0.01,"Match",IF(ABS(H22)<=0.05,"Review","Escalate")) -> Match
A23: 22 | B23: Sweden | C23: MediaCom | D23: Mar-2024 | E23: 32944.68 | F23: 32944.68 | G23: =F23-E23 -> 0 | H23: =IFERROR((F23-E23)/E23,0) -> 0 | I23: =IF(ABS(H23)<=0.01,"Match",IF(ABS(H23)<=0.05,"Review","Escalate")) -> Match
A24: 23 | B24: Italy | C24: Havas Media | D24: Jan-2024 | E24: 44958.01 | F24: 45578.07 | G24: =F24-E24 -> 620.06 | H24: =IFERROR((F24-E24)/E24,0) -> 0.013791981 | I24: =IF(ABS(H24)<=0.01,"Match",IF(ABS(H24)<=0.05,"Review","Escalate")) -> Review
A25: 24 | B25: France | C25: Dentsu | D25: Feb-2024 | E25: 26874.02 | F25: 26874.02 | G25: =F25-E25 -> 0 | H25: =IFERROR((F25-E25)/E25,0) -> 0 | I25: =IF(ABS(H25)<=0.01,"Match",IF(ABS(H25)<=0.05,"Review","Escalate")) -> Match
... A34: 33 | B34: Germany | C34: Mindshare | D34: Mar-2024 | E34: 17399.96 | F34: 17399.96 | G34: =F34-E34 -> 0 | H34: =IFERROR((F34-E34)/E34,0) -> 0 | I34: =IF(ABS(H34)<=0.01,"Match",IF(ABS(H34)<=0.05,"Review","Escalate")) -> Match
A35: 34 | B35: France | C35: Hearts & Science | D35: Jan-2024 | E35: 67470.07 | F35: Missing | G35: N/A | H35: N/A | I35: Missing Invoice
A36: 35 | B36: France | C36: Publicis | D36: Feb-2024 | E36: 18274.3 | F36: 18274.3 | G36: =F36-E36 -> 0 | H36: =IFERROR((F36-E36)/E36,0) -> 0 | I36: =IF(ABS(H36)<=0.01,"Match",IF(ABS(H36)<=0.05,"Review","Escalate")) -> Match
A37: 36 | B37: Sweden | C37: Dentsu | D37: Jun-2024 | E37: 44431.23 | F37: 43529.45 | G37: =F37-E37 -> -901.78 | H37: =IFERROR((F37-E37)/E37,0) -> -0.020296085 | I37: =IF(ABS(H37)<=0.01,"Match",IF(ABS(H37)<=0.05,"Review","Escalate")) -> Review
A38: 37 | B38: UK | C38: IPG Mediabrands | D38: Mar-2024 | E38: 31663.68 | F38: 31663.68 | G38: =F38-E38 -> 0 | H38: =IFERROR((F38-E38)/E38,0) -> 0 | I38: =IF(ABS(H38)<=0.01,"Match",IF(ABS(H38)<=0.05,"Review","Escalate")) -> Match
A39: 38 | B39: Netherlands | C39: IPG Mediabrands | D39: Jun-2024 | E39: 5256.34 | F39: 5256.34 | G39: =F39-E39 -> 0 | H39: =IFERROR((F39-E39)/E39,0) -> 0 | I39: =IF(ABS(H39)<=0.01,"Match",IF(ABS(H39)<=0.05,"Review","Escalate")) -> Match
A40: 39 | B40: Sweden | C40: Mindshare | D40: Jan-2024 | E40: 54425.47 | F40: 54425.47 | G40: =F40-E40 -> 0 | H40: =IFERROR((F40-E40)/E40,0) -> 0 | I40: =IF(ABS(H40)<=0.01,"Match",IF(ABS(H40)<=0.05,"Review","Escalate")) -> Match
A41: 40 | B41: Germany | C41: WPP Media | D41: Feb-2024 | E41: 81453.5 | F41: 84585.09 | G41: =F41-E41 -> 3131.59 | H41: =IFERROR((F41-E41)/E41,0) -> 0.038446353 | I41: =IF(ABS(H41)<=0.01,"Match",IF(ABS(H41)<=0.05,"Review","Escalate")) -> Review
A42: 41 | B42: France | C42: IPG Mediabrands | D42: Mar-2024 | E42: 25626.48 | F42: 27286.23 | G42: =F42-E42 -> 1659.75 | H42: =IFERROR((F42-E42)/E42,0) -> 0.064766991 | I42: =IF(ABS(H42)<=0.01,"Match",IF(ABS(H42)<=0.05,"Review","Escalate")) -> Escalate
A43: 42 | B43: France | C43: IPG Mediabrands | D43: May-2024 | E43: 8129.86 | F43: 8129.86 | G43: =F43-E43 -> 0 | H43: =IFERROR((F43-E43)/E43,0) -> 0 | I43: =IF(ABS(H43)<=0.01,"Match",IF(ABS(H43)<=0.05,"Review","Escalate")) -> Match
A44: 43 | B44: Germany | C44: Dentsu | D44: Jan-2024 | E44: 69577.29 | F44: 69577.29 | G44: =F44-E44 -> 0 | H44: =IFERROR((F44-E44)/E44,0) -> 0 | I44: =IF(ABS(H44)<=0.01,"Match",IF(ABS(H44)<=0.05,"Review","Escalate")) -> Match
A45: 44 | B45: Sweden | C45: Mindshare | D45: Feb-2024 | E45: 83144.58 | F45: 85903.36 | G45: =F45-E45 -> 2758.78 | H45: =IFERROR((F45-E45)/E45,0) -> 0.033180515 | I45: =IF(ABS(H45)<=0.01,"Match",IF(ABS(H45)<=0.05,"Review","Escalate")) -> Review
A46: 45 | B46: Sweden | C46: Omnicom Media Group | D46: May-2024 | E46: 17466.29 | F46: 17466.29 | G46: =F46-E46 -> 0 | H46: =IFERROR((F46-E46)/E46,0) -> 0 | I46: =IF(ABS(H46)<=0.01,"Match",IF(ABS(H46)<=0.05,"Review","Escalate")) -> Match
A47: 46 | B47: France | C47: IPG Mediabrands | D47: Jan-2024 | E47: 71307.63 | F47: 71307.63 | G47: =F47-E47 -> 0 | H47: =IFERROR((F47-E47)/E47,0) -> 0 | I47: =IF(ABS(H47)<=0.01,"Match",IF(ABS(H47)<=0.05,"Review","Escalate")) -> Match
... A56: 55 | B56: Sweden | C56: Havas Media | D56: May-2024 | E56: 107513.98 | F56: 104326.1 | G56: =F56-E56 -> -3187.88 | H56: =IFERROR((F56-E56)/E56,0) -> -0.029650842 | I56: =IF(ABS(H56)<=0.01,"Match",IF(ABS(H56)<=0.05,"Review","Escalate")) -> Review
A57: 56 | B57: France | C57: Hearts & Science | D57: Jun-2024 | E57: 29412.13 | F57: Missing | G57: N/A | H57: N/A | I57: Missing Invoice
A58: 57 | B58: Germany | C58: Hearts & Science | D58: Apr-2024 | E58: 87057.66 | F58: 87057.66 | G58: =F58-E58 -> 0 | H58: =IFERROR((F58-E58)/E58,0) -> 0 | I58: =IF(ABS(H58)<=0.01,"Match",IF(ABS(H58)<=0.05,"Review","Escalate")) -> Match
A59: 58 | B59: France | C59: Publicis | D59: Jan-2024 | E59: 42182.19 | F59: 42182.19 | G59: =F59-E59 -> 0 | H59: =IFERROR((F59-E59)/E59,0) -> 0 | I59: =IF(ABS(H59)<=0.01,"Match",IF(ABS(H59)<=0.05,"Review","Escalate")) -> Match
A60: 59 | B60: Spain | C60: Mindshare | D60: May-2024 | E60: 52814.04 | F60: 52814.04 | G60: =F60-E60 -> 0 | H60: =IFERROR((F60-E60)/E60,0) -> 0 | I60: =IF(ABS(H60)<=0.01,"Match",IF(ABS(H60)<=0.05,"Review","Escalate")) -> Match
A61: 60 | B61: Sweden | C61: IPG Mediabrands | D61: May-2024 | E61: 5678.05 | F61: 5678.05 | G61: =F61-E61 -> 0 | H61: =IFERROR((F61-E61)/E61,0) -> 0 | I61: =IF(ABS(H61)<=0.01,"Match",IF(ABS(H61)<=0.05,"Review","Escalate")) -> Match
A62: 61 | B62: Sweden | C62: Dentsu | D62: May-2024 | E62: 30233.49 | F62: 30233.49 | G62: =F62-E62 -> 0 | H62: =IFERROR((F62-E62)/E62,0) -> 0 | I62: =IF(ABS(H62)<=0.01,"Match",IF(ABS(H62)<=0.05,"Review","Escalate")) -> Match
A63: 62 | B63: France | C63: Hearts & Science | D63: Jan-2024 | E63: 19677.2 | F63: 18140.17 | G63: =F63-E63 -> -1537.03 | H63: =IFERROR((F63-E63)/E63,0) -> -0.078112231 | I63: =IF(ABS(H63)<=0.01,"Match",IF(ABS(H63)<=0.05,"Review","Escalate")) -> Escalate
A64: 63 | B64: France | C64: Hearts & Science | D64: May-2024 | E64: 9273.15 | F64: 9273.15 | G64: =F64-E64 -> 0 | H64: =IFERROR((F64-E64)/E64,0) -> 0 | I64: =IF(ABS(H64)<=0.01,"Match",IF(ABS(H64)<=0.05,"Review","Escalate")) -> Match
A65: 64 | B65: Italy | C65: Omnicom Media Group | D65: Jun-2024 | E65: 98374.08 | F65: 98374.08 | G65: =F65-E65 -> 0 | H65: =IFERROR((F65-E65)/E65,0) -> 0 | I65: =IF(ABS(H65)<=0.01,"Match",IF(ABS(H65)<=0.05,"Review","Escalate")) -> Match
A66: 65 | B66: UK | C66: Havas Media | D66: Mar-2024 | E66: 79766.57 | F66: 84203.41 | G66: =F66-E66 -> 4436.84 | H66: =IFERROR((F66-E66)/E66,0) -> 0.0556228 | I66: =IF(ABS(H66)<=0.01,"Match",IF(ABS(H66)<=0.05,"Review","Escalate")) -> Escalate
A67: 66 | B67: Sweden | C67: Publicis | D67: May-2024 | E67: 16783.25 | F67: 16103.16 | G67: =F67-E67 -> -680.09 | H67: =IFERROR((F67-E67)/E67,0) -> -0.040521949 | I67: =IF(ABS(H67)<=0.01,"Match",IF(ABS(H67)<=0.05,"Review","Escalate")) -> Review
A68: 67 | B68: France | C68: MediaCom | D68: Apr-2024 | E68: 99613.37 | F68: 97067.8 | G68: =F68-E68 -> -2545.57 | H68: =IFERROR((F68-E68)/E68,0) -> -0.025554501 | I68: =IF(ABS(H68)<=0.01,"Match",IF(ABS(H68)<=0.05,"Review","Escalate")) -> Review
A69: 68 | B69: UK | C69: Omnicom Media Group | D69: Jan-2024 | E69: 71289.65 | F69: 73981.96 | G69: =F69-E69 -> 2692.31 | H69: =IFERROR((F69-E69)/E69,0) -> 0.037765791 | I69: =IF(ABS(H69)<=0.01,"Match",IF(ABS(H69)<=0.05,"Review","Escalate")) -> Review
... A101: 100 | B101: Spain | C101: Mindshare | D101: Jun-2024 | E101: 85452.34 | F101: 85452.34 | G101: =F101-E101 -> 0 | H101: =IFERROR((F101-E101)/E101,0) -> 0 | I101: =IF(ABS(H101)<=0.01,"Match",IF(ABS(H101)<=0.05,"Review","Escalate")) -> Match

Sheet 4_Summary_Dashboard
A1: EMEA Commercial Revenue Reconciliation
A3: Revenue by Market (GBP)
A4: Market | B4: Reported Revenue | C4: Invoice Amount | D4: Variance | E4: Variance % | F4: Recon Status Split
A5: France | B5: =SUMIF('3_Reconciliation'!B:B,A5,'3_Reconciliation'!E:E) -> 671163.64 | C5: =SUMIF('3_Reconciliation'!B:B,A5,'3_Reconciliation'!F:F) -> 563695.67 | D5: =C5-B5 -> -107467.97 | E5: =IFERROR(D5/B5,0) -> -0.16012186 | F5: ✓7 ⚠2 ✗5
A6: Germany | B6: =SUMIF('3_Reconciliation'!B:B,A6,'3_Reconciliation'!E:E) -> 1441473.6 | C6: =SUMIF('3_Reconciliation'!B:B,A6,'3_Reconciliation'!F:F) -> 1448012 | D6: =C6-B6 -> 6538.34 | E6: =IFERROR(D6/B6,0) -> 0.0045358721 | F6: ✓11 ⚠4 ✗5
A7: Italy | B7: =SUMIF('3_Reconciliation'!B:B,A7,'3_Reconciliation'!E:E) -> 650462.99 | C7: =SUMIF('3_Reconciliation'!B:B,A7,'3_Reconciliation'!F:F) -> 653958.93 | D7: =C7-B7 -> 3495.94 | E7: =IFERROR(D7/B7,0) -> 0.005374541 | F7: ✓7 ⚠3 ✗1
A8: Netherlands | B8: =SUMIF('3_Reconciliation'!B:B,A8,'3_Reconciliation'!E:E) -> 669344.34 | C8: =SUMIF('3_Reconciliation'!B:B,A8,'3_Reconciliation'!F:F) -> 671636.53 | D8: =C8-B8 -> 2292.19 | E8: =IFERROR(D8/B8,0) -> 0.0034245303 | F8: ✓5 ⚠7 ✗3
A9: Spain | B9: =SUMIF('3_Reconciliation'!B:B,A9,'3_Reconciliation'!E:E) -> 466827.65 | C9: =SUMIF('3_Reconciliation'!B:B,A9,'3_Reconciliation'!F:F) -> 463787.88 | D9: =C9-B9 -> -3039.77 | E9: =IFERROR(D9/B9,0) -> -0.0065115466 | F9: ✓4 ⚠3 ✗1
A10: Sweden | B10: =SUMIF('3_Reconciliation'!B:B,A10,'3_Reconciliation'!E:E) -> 970210.11 | C10: =SUMIF('3_Reconciliation'!B:B,A10,'3_Reconciliation'!F:F) -> 957051.02 | D10: =C10-B10 -> -13159.09 | E10: =IFERROR(D10/B10,0) -> -0.013563134 | F10: ✓8 ⚠9 ✗1
A11: UK | B11: =SUMIF('3_Reconciliation'!B:B,A11,'3_Reconciliation'!E:E) -> 589540.47 | C11: =SUMIF('3_Reconciliation'!B:B,A11,'3_Reconciliation'!F:F) -> 597131.22 | D11: =C11-B11 -> 7590.75 | E11: =IFERROR(D11/B11,0) -> 0.012875706 | F11: ✓5 ⚠3 ✗1
A12: UNKNOWN | B12: =SUMIF('3_Reconciliation'!B:B,A12,'3_Reconciliation'!E:E) -> 49385.72 | C12: =SUMIF('3_Reconciliation'!B:B,A12,'3_Reconciliation'!F:F) -> 48677.34 | D12: =C12-B12 -> -708.38 | E12: =IFERROR(D12/B12,0) -> -0.014343822 | F12: ✓1 ⚠1 ✗0
A13: TOTAL | B13: =SUM(B5:B12) -> 5508408.5 | C13: =SUM(C5:C12) -> 5403950.5 | D13: =SUM(D5:D12) -> -104457.99
A15: Reconciliation Status Summary
A16: Status | B16: Count | C16: % of Total
A17: Match | B17: =COUNTIF('3_Reconciliation'!I:I,"Match") -> 48 | C17: =IFERROR(B17/SUM(B17:B19),0) -> 0.49484536
A18: Review | B18: =COUNTIF('3_Reconciliation'!I:I,"Review") -> 32 | C18: =IFERROR(B18/SUM($B$17:$B$19),0) -> 0.32989691
A19: Escalate | B19: =COUNTIF('3_Reconciliation'!I:I,"Escalate") -> 17 | C19: =IFERROR(B19/SUM($B$17:$B$19),0) -> 0.17525773
A21: Revenue by Agency (GBP)
A22: Agency | B22: Reported Revenue | C22: Invoice Amount | D22: Variance | E22: Variance %
A23: WPP Media | B23: =SUMIF('3_Reconciliation'!C:C,"WPP Media",'3_Reconciliation'!E:E) -> 503495.75 | C23: =SUMIF('3_Reconciliation'!C:C,"WPP Media",'3_Reconciliation'!F:F) -> 507357.69 | D23: =B23-C23 -> -3861.94 | E23: =D23/B23 -> -0.0076702534
A24: IPG Mediabrands | B24: =SUMIF('3_Reconciliation'!C:C,"IPG Mediabrands",'3_Reconciliation'!E:E) -> 359222.05 | C24: =SUMIF('3_Reconciliation'!C:C,"IPG Mediabrands",'3_Reconciliation'!F:F) -> 364679.84 | D24: =B24-C24 -> -5457.79 | E24: =D24/B24 -> -0.01519336
A25: Mindshare | B25: =SUMIF('3_Reconciliation'!C:C,"Mindshare",'3_Reconciliation'!E:E) -> 547693 | C25: =SUMIF('3_Reconciliation'!C:C,"Mindshare",'3_Reconciliation'!F:F) -> 537526.52 | D25: =B25-C25 -> 10166.48 | E25: =D25/B25 -> 0.01856237
A26: MediaCom | B26: =SUMIF('3_Reconciliation'!C:C,"MediaCom",'3_Reconciliation'!E:E) -> 654837.59 | C26: =SUMIF('3_Reconciliation'!C:C,"MediaCom",'3_Reconciliation'!F:F) -> 651685.38 | D26: =B26-C26 -> 3152.21 | E26: =D26/B26 -> 0.0048137279
A27: Havas Media | B27: =SUMIF('3_Reconciliation'!C:C,"Havas Media",'3_Reconciliation'!E:E) -> 816319.44 | C27: =SUMIF('3_Reconciliation'!C:C,"Havas Media",'3_Reconciliation'!F:F) -> 815913.83 | D27: =B27-C27 -> 405.61 | E27: =D27/B27 -> 0.00049687657
A28: Dentsu | B28: =SUMIF('3_Reconciliation'!C:C,"Dentsu",'3_Reconciliation'!E:E) -> 632836.2 | C28: =SUMIF('3_Reconciliation'!C:C,"Dentsu",'3_Reconciliation'!F:F) -> 633079.52 | D28: =B28-C28 -> -243.32 | E28: =D28/B28 -> -0.00038449128
A29: GroupM | B29: =SUMIF('3_Reconciliation'!C:C,"GroupM",'3_Reconciliation'!E:E) -> 226146.32 | C29: =SUMIF('3_Reconciliation'!C:C,"GroupM",'3_Reconciliation'!F:F) -> 224941.29 | D29: =B29-C29 -> 1205.03 | E29: =D29/B29 -> 0.0053285413
A30: Publicis | B30: =SUMIF('3_Reconciliation'!C:C,"Publicis",'3_Reconciliation'!E:E) -> 355438.24 | C30: =SUMIF('3_Reconciliation'!C:C,"Publicis",'3_Reconciliation'!F:F) -> 346881.36 | D30: =B30-C30 -> 8556.88 | E30: =D30/B30 -> 0.024074168
A31: Hearts & Science | B31: =SUMIF('3_Reconciliation'!C:C,"Hearts & Science",'3_Reconciliation'!E:E) -> 897340.78 | C31: =SUMIF('3_Reconciliation'!C:C,"Hearts & Science",'3_Reconciliation'!F:F) -> 796140.76 | D31: =B31-C31 -> 101200.02 | E31: =D31/B31 -> 0.11277769
A32: Omnicom Media Group | B32: =SUMIF('3_Reconciliation'!C:C,"Omnicom Media Group",'3_Reconciliation'!E:E) -> 515079.17 | C32: =SUMIF('3_Reconciliation'!C:C,"Omnicom Media Group",'3_Reconciliation'!F:F) -> 525744.36 | D32: =B32-C32 -> -10665.19 | E32: =D32/B32 -> -0.020705924
A34: Month | B34: Reported Revenue | C34: Invoice Amount | D34: Variance | E34: Variance %
A35: Jan-2024 | B35: =SUMIF('3_Reconciliation'!D:D,"Jan-2024",'3_Reconciliation'!E:E) -> 1446904.9 | C35: =SUMIF('3_Reconciliation'!D:D,"Jan-2024",'3_Reconciliation'!F:F) -> 1387014.5 | D35: =B35-C35 -> 59890.41 | E35: =D35/B35 -> 0.041392084
A36: Feb-2024 | B36: =SUMIF('3_Reconciliation'!D:D,"Feb-2024",'3_Reconciliation'!E:E) -> 677838.88 | C36: =SUMIF('3_Reconciliation'!D:D,"Feb-2024",'3_Reconciliation'!F:F) -> 672096.98 | D36: =B36-C36 -> 5741.9 | E36: =D36/B36 -> 0.0084708921
A37: Mar-2024 | B37: =SUMIF('3_Reconciliation'!D:D,"Mar-2024",'3_Reconciliation'!E:E) -> 1057841.2 | C37: =SUMIF('3_Reconciliation'!D:D,"Mar-2024",'3_Reconciliation'!F:F) -> 1060637.8 | D37: =B37-C37 -> -2796.54 | E37: =D37/B37 -> -0.0026436293
A38: Apr-2024 | B38: =SUMIF('3_Reconciliation'!D:D,"Apr-2024",'3_Reconciliation'!E:E) -> 597399.49 | C38: =SUMIF('3_Reconciliation'!D:D,"Apr-2024",'3_Reconciliation'!F:F) -> 594400.36 | D38: =B38-C38 -> 2999.13 | E38: =D38/B38 -> 0.0050203089
A39: May-2024 | B39: =SUMIF('3_Reconciliation'!D:D,"May-2024",'3_Reconciliation'!E:E) -> 1061369.2 | C39: =SUMIF('3_Reconciliation'!D:D,"May-2024",'3_Reconciliation'!F:F) -> 1049963 | D39: =B39-C39 -> 11406.29 | E39: =D39/B39 -> 0.010746769
A40: Jun-2024 | B40: =SUMIF('3_Reconciliation'!D:D,"Jun-2024",'3_Reconciliation'!E:E) -> 667054.77 | C40: =SUMIF('3_Reconciliation'!D:D,"Jun-2024",'3_Reconciliation'!F:F) -> 639837.97 | D40: =B40-C40 -> 27216.8 | E40: =D40/B40 -> 0.040801447

Sheet 5_Escalation_Log
A1: Row_ID | B1: Market | C1: Partner_Agency | D1: Month | E1: Reported_Revenue_GBP | F1: Invoice_Amount_GBP | G1: Variance_GBP | H1: Variance_Pct | I1: Recon_Status
A2: 7 | B2: Germany | C2: WPP Media | D2: Apr-2024 | E2: 36966.96 | F2: 34953.67 | G2: -2013.29 | H2: -0.054461876 | I2: Escalate
A3: 8 | B3: Sweden | C3: WPP Media | D3: May-2024 | E3: 67099.35 | F3: 62881.26 | G3: -4218.09 | H3: -0.062863351 | I3: Escalate
A4: 26 | B4: France | C4: IPG Mediabrands | D4: May-2024 | E4: 51906.35 | F4: 55704.39 | G4: 3798.04 | H4: 0.073171009 | I4: Escalate
A5: 27 | B5: Germany | C5: Hearts & Science | D5: Jun-2024 | E5: 53645.86 | F5: 57920.34 | G5: 4274.48 | H5: 0.079679588 | I5: Escalate
A6: 31 | B6: Netherlands | C6: Havas Media | D6: May-2024 | E6: 30089.72 | F6: 28344.3 | G6: -1745.42 | H6: -0.058007187 | I6: Escalate
A7: 41 | B7: France | C7: IPG Mediabrands | D7: Mar-2024 | E7: 25626.48 | F7: 27286.23 | G7: 1659.75 | H7: 0.064766991 | I7: Escalate
A8: 47 | B8: Germany | C8: Havas Media | D8: Feb-2024 | E8: 13046.99 | F8: 12304.8 | G8: -742.19 | H8: -0.056885918 | I8: Escalate
A9: 49 | B9: France | C9: MediaCom | D9: Mar-2024 | E9: 34063.95 | F9: 31339.8 | G9: -2724.15 | H9: -0.079971642 | I9: Escalate
A10: 53 | B10: Italy | C10: Hearts & Science | D10: May-2024 | E10: 28430.06 | F10: 26166.69 | G10: -2263.37 | H10: -0.079611862 | I10: Escalate
A11: 62 | B11: France | C11: Hearts & Science | D11: Jan-2024 | E11: 19677.2 | F11: 18140.17 | G11: -1537.03 | H11: -0.078112231 | I11: Escalate
A12: 65 | B12: UK | C12: Havas Media | D12: Mar-2024 | E12: 79766.57 | F12: 84203.41 | G12: 4436.84 | H12: 0.0556228 | I12: Escalate
A13: 69 | B13: France | C13: Omnicom Media Group | D13: Jan-2024 | E13: 71973.22 | F13: 76704.44 | G13: 4731.22 | H13: 0.065735839 | I13: Escalate
... A18: 97 | B18: Germany | C18: Publicis | D18: May-2024 | E18: 58777.98 | F18: 54459.25 | G18: -4318.73 | H18: -0.073475305 | I18: Escalate

Sheet FX_Rates
A1: Month | B1: EUR_to_GBP | C1: GBP_to_GBP
A2: Jan-2024 | B2: 0.8571 | C2: 1
A3: Feb-2024 | B3: 0.8537 | C3: 1
A4: Mar-2024 | B4: 0.8565 | C4: 1
A5: Apr-2024 | B5: 0.8601 | C5: 1
A6: May-2024 | B6: 0.8533 | C6: 1
A7: Jun-2024 | B7: 0.844 | C7: 1

Sheet LookupSheet
A1: sweden | B1: Sweden | C1: Feb-24 | D1: Feb-2024 | E1: confirmed | F1: Confirmed
A2: se | B2: Sweden | C2: 01/2024 | D2: Jan-2024 | E2: pending | F2: Pending
A3: uk | B3: UK | C3: 02/2024 | D3: Feb-2024 | E3: under review | F3: Under Review
A4: u.k. | B4: UK | C4: 03/2024 | D4: Mar-2024 | E4: disputed | F4: Disputed
A5: united kingdom | B5: UK | C5: 04/2024 | D5: Apr-2024 | E5: paid | F5: Paid
A6: germany | B6: Germany | C6: 05/2024 | D6: May-2024
A7: de | B7: Germany | C7: 06/2024 | D7: Jun-2024
A8: deutschland | B8: Germany | C8: Apr-24 | D8: Apr-2024
A9: france | B9: France | C9: April 2024 | D9: Apr-2024
A10: spain | B10: Spain | C10: February 2024 | D10: Feb-2024
A11: es | B11: Spain | C11: Jan-24 | D11: Jan-2024
A12: italy | B12: Italy | C12: January 2024 | D12: Jan-2024
A13: it | B13: Italy | C13: Jun-24 | D13: Jun-2024
A14: italia | B14: Italy | C14: June 2024 | D14: Jun-2024
A15: netherlands | B15: Netherlands | C15: Mar-24 | D15: Mar-2024
A16: nl | B16: Netherlands | C16: March 2024 | D16: Mar-2024
A17: the netherlands | B17: Netherlands | C17: May 2024 | D17: May-2024
A18: France | B18: France | C18: May-24 | D18: May-2024
